2025-05-20 14:49:17 - Колонки в control.xlsx: ['Номер_плавки', 'Контроль_отлито', 'Контроль_принято', 'Контроль_дата_приемки', 'Контролер1', 'Контролер2', 'Второй_сорт_раковины', 'Второй_сорт_зарез', 'Доработка_раковины', 'Доработка_зарез', 'Доработка_несоответствие_размеров', 'Доработка_несоответствие_внешнего_вида', 'Доработка_наплыв_металла', 'Доработка_прорыв_металла', 'Доработка_вырыв', 'Доработка_облой', 'Доработка_песок_на_поверхности', 'Доработка_песок_в_резьбе', 'Доработка_клей', 'Доработка_коробление', 'Доработка_дефект_пеномодели', 'Доработка_лапы', 'Доработка_питатель', 'Доработка_корона', 'Доработка_смещение', 'Окончательный_брак_недолив', 'Окончательный_брак_вырыв', 'Окончательный_брак_зарез', 'Окончательный_брак_коробление', 'Окончательный_брак_наплыв_металла', 'Окончательный_брак_нарушение_геометрии', 'Окончательный_брак_нарушение_маркировки', 'Окончательный_брак_непроклей', 'Окончательный_брак_неслитина', 'Окончательный_брак_несоответствие_внешнего_вида', 'Окончательный_брак_несоответствие_размеров', 'Окончательный_брак_пеномодель', 'Окончательный_брак_пористость', 'Окончательный_брак_пригар_песка', 'Окончательный_брак_прочее', 'Окончательный_брак_рыхлота', 'Окончательный_брак_раковины', 'Окончательный_брак_скол', 'Окончательный_брак_слом', 'Окончательный_брак_спай', 'Окончательный_брак_трещины', 'Unnamed: 46', 'Контролер3', 'Второй_сорт_зарез_литейный', 'Второй_сорт_зарез_пеномодельный', 'Доработка_клей_подтёк', 'Доработка_клей_по_шву', 'Окончательный_брак_зарез_литейный', 'Окончательный_брак_зарез_пеномодельный', 'Наименование_отливки']
2025-05-20 14:49:17 - Размеры шаблона: 1 строк, 49 столбцов
2025-05-20 14:49:17 - Найдены строки с заголовками: [1]
2025-05-20 14:49:17 - Найдены соответствия колонок: {'дата': 1, 'наименование_отливки': 2, 'отлито': 3, 'принято': 4, 'доработка': 22, 'доработка_несоответствие_размеров': 7, 'доработка_несоответствие_внешнего_вида': 8, 'доработка_наплыв_металла': 9, 'доработка_прорыв_металла': 10, 'доработка_вырыв': 11, 'доработка_облой': 12, 'доработка_песок_на_поверхности': 13, 'доработка_песок_в_резьбе': 14, 'доработка_клей_подтёк': 15, 'доработка_клей_по_шву': 16, 'доработка_коробление': 17, 'доработка_дефект_пеномодели': 18, 'доработка_лапы': 19, 'доработка_питатель': 20, 'доработка_корона': 21, 'доработка_смещение': 22, 'окончательный_брак': 44, 'окончательный_брак_раковины': 23, 'окончательный_брак_коробление': 24, 'окончательный_брак_спай': 25, 'окончательный_брак_трещины': 26, 'окончательный_брак_недолив': 27, 'окончательный_брак_пригар_песка': 28, 'окончательный_брак_пористость': 29, 'окончательный_брак_вырыв': 30, 'окончательный_брак_скол': 31, 'окончательный_брак_слом': 32, 'окончательный_брак_зарез_литейный': 33, 'окончательный_брак_зарез_пеномодельный': 34, 'окончательный_брак_пеномодель': 38, 'окончательный_брак_нарушение_геометрии': 35, 'окончательный_брак_рыхлота': 36, 'окончательный_брак_непроклей': 37, 'окончательный_брак_наплыв_металла': 39, 'окончательный_брак_несоответствие_размеров': 40, 'окончательный_брак_несоответствие_внешнего_вида': 41, 'окончательный_брак_нарушение_маркировки': 42, 'окончательный_брак_неслитина': 43, 'окончательный_брак_прочее': 44, 'второй_сорт': 48, 'второй_сорт_раковины': 45, 'второй_сорт_зарез_литейный': 46, 'второй_сорт_зарез_пеномодельный': 47}
2025-05-20 14:49:17 - Начинаем вставку данных с строки 2
2025-05-20 15:03:57 - Размеры шаблона: 26 строк, 63 столбцов
2025-05-20 15:03:57 - Найдены строки с заголовками: [16, 18]
2025-05-20 15:03:57 - Найдены соответствия колонок: {'наименование_отливки': 1, 'принято': 2, 'окончательный_брак': 24, 'окончательный_брак_раковины': 3, 'окончательный_брак_коробление': 4, 'окончательный_брак_спай': 5, 'окончательный_брак_трещины': 6, 'окончательный_брак_недолив': 7, 'окончательный_брак_пригар_песка': 8, 'окончательный_брак_пористость': 9, 'окончательный_брак_вырыв': 10, 'окончательный_брак_скол': 11, 'окончательный_брак_слом': 12, 'окончательный_брак_зарез_литейный': 13, 'окончательный_брак_зарез_пеномодельный': 14, 'окончательный_брак_пеномодель': 18, 'окончательный_брак_нарушение_геометрии': 15, 'окончательный_брак_рыхлота': 16, 'окончательный_брак_непроклей': 17, 'окончательный_брак_наплыв_металла': 19, 'окончательный_брак_несоответствие_размеров': 20, 'окончательный_брак_несоответствие_внешнего_вида': 21, 'окончательный_брак_нарушение_маркировки': 22, 'окончательный_брак_неслитина': 23, 'окончательный_брак_прочее': 24, 'второй_сорт': 27, 'второй_сорт_раковины': 25, 'второй_сорт_зарез_литейный': 26, 'второй_сорт_зарез_пеномодельный': 27, 'номер_плавки': 31}
2025-05-20 15:03:57 - Начинаем вставку данных с строки 19
2025-05-20 15:05:22 - Колонки в control.xlsx: ['Номер_плавки', 'Контроль_отлито', 'Контроль_принято', 'Контроль_дата_приемки', 'Контролер1', 'Контролер2', 'Второй_сорт_раковины', 'Второй_сорт_зарез', 'Доработка_раковины', 'Доработка_зарез', 'Доработка_несоответствие_размеров', 'Доработка_несоответствие_внешнего_вида', 'Доработка_наплыв_металла', 'Доработка_прорыв_металла', 'Доработка_вырыв', 'Доработка_облой', 'Доработка_песок_на_поверхности', 'Доработка_песок_в_резьбе', 'Доработка_клей', 'Доработка_коробление', 'Доработка_дефект_пеномодели', 'Доработка_лапы', 'Доработка_питатель', 'Доработка_корона', 'Доработка_смещение', 'Окончательный_брак_недолив', 'Окончательный_брак_вырыв', 'Окончательный_брак_зарез', 'Окончательный_брак_коробление', 'Окончательный_брак_наплыв_металла', 'Окончательный_брак_нарушение_геометрии', 'Окончательный_брак_нарушение_маркировки', 'Окончательный_брак_непроклей', 'Окончательный_брак_неслитина', 'Окончательный_брак_несоответствие_внешнего_вида', 'Окончательный_брак_несоответствие_размеров', 'Окончательный_брак_пеномодель', 'Окончательный_брак_пористость', 'Окончательный_брак_пригар_песка', 'Окончательный_брак_прочее', 'Окончательный_брак_рыхлота', 'Окончательный_брак_раковины', 'Окончательный_брак_скол', 'Окончательный_брак_слом', 'Окончательный_брак_спай', 'Окончательный_брак_трещины', 'Unnamed: 46', 'Контролер3', 'Второй_сорт_зарез_литейный', 'Второй_сорт_зарез_пеномодельный', 'Доработка_клей_подтёк', 'Доработка_клей_по_шву', 'Окончательный_брак_зарез_литейный', 'Окончательный_брак_зарез_пеномодельный', 'Наименование_отливки']
2025-05-20 15:05:22 - Размеры шаблона: 1 строк, 49 столбцов
2025-05-20 15:05:22 - Найдены строки с заголовками: [1]
2025-05-20 15:05:22 - Найдены соответствия колонок: {'дата': 1, 'наименование_отливки': 2, 'отлито': 3, 'принято': 4, 'доработка': 22, 'доработка_раковины': 5, 'доработка_зарез': 6, 'доработка_несоответствие_размеров': 7, 'доработка_несоответствие_внешнего_вида': 8, 'доработка_наплыв_металла': 9, 'доработка_прорыв_металла': 10, 'доработка_вырыв': 11, 'доработка_облой': 12, 'доработка_песок_на_поверхности': 13, 'доработка_песок_в_резьбе': 14, 'доработка_клей': 16, 'доработка_клей_подтёк': 15, 'доработка_клей_по_шву': 16, 'доработка_коробление': 17, 'доработка_дефект_пеномодели': 18, 'доработка_лапы': 19, 'доработка_питатель': 20, 'доработка_корона': 21, 'доработка_смещение': 22, 'окончательный_брак': 44, 'окончательный_брак_раковины': 23, 'окончательный_брак_коробление': 24, 'окончательный_брак_спай': 25, 'окончательный_брак_трещины': 26, 'окончательный_брак_недолив': 27, 'окончательный_брак_пригар_песка': 28, 'окончательный_брак_пористость': 29, 'окончательный_брак_вырыв': 30, 'окончательный_брак_скол': 31, 'окончательный_брак_слом': 32, 'окончательный_брак_зарез': 34, 'окончательный_брак_зарез_литейный': 33, 'окончательный_брак_пеномодель': 38, 'окончательный_брак_зарез_пеномодельный': 34, 'окончательный_брак_нарушение_геометрии': 35, 'окончательный_брак_рыхлота': 36, 'окончательный_брак_непроклей': 37, 'окончательный_брак_наплыв_металла': 39, 'окончательный_брак_несоответствие_размеров': 40, 'окончательный_брак_несоответствие_внешнего_вида': 41, 'окончательный_брак_нарушение_маркировки': 42, 'окончательный_брак_неслитина': 43, 'окончательный_брак_прочее': 44, 'второй_сорт': 48, 'второй_сорт_раковины': 45, 'второй_сорт_зарез_литейный': 46, 'второй_сорт_зарез_пеномодельный': 47}
2025-05-20 15:05:22 - Начинаем вставку данных с строки 2
2025-05-20 15:07:20 - Размеры шаблона: 26 строк, 63 столбцов
2025-05-20 15:07:20 - Найдены строки с заголовками: [16, 18]
2025-05-20 15:07:20 - Найдены соответствия колонок: {'наименование_отливки': 1, 'принято': 2, 'окончательный_брак': 24, 'окончательный_брак_раковины': 3, 'окончательный_брак_коробление': 4, 'окончательный_брак_спай': 5, 'окончательный_брак_трещины': 6, 'окончательный_брак_недолив': 7, 'окончательный_брак_пригар_песка': 8, 'окончательный_брак_пористость': 9, 'окончательный_брак_вырыв': 10, 'окончательный_брак_скол': 11, 'окончательный_брак_слом': 12, 'окончательный_брак_зарез_литейный': 13, 'окончательный_брак_зарез_пеномодельный': 14, 'окончательный_брак_пеномодель': 18, 'окончательный_брак_нарушение_геометрии': 15, 'окончательный_брак_рыхлота': 16, 'окончательный_брак_непроклей': 17, 'окончательный_брак_наплыв_металла': 19, 'окончательный_брак_несоответствие_размеров': 20, 'окончательный_брак_несоответствие_внешнего_вида': 21, 'окончательный_брак_нарушение_маркировки': 22, 'окончательный_брак_неслитина': 23, 'окончательный_брак_прочее': 24, 'второй_сорт': 27, 'второй_сорт_раковины': 25, 'второй_сорт_зарез_литейный': 26, 'второй_сорт_зарез_пеномодельный': 27, 'номер_плавки': 31}
2025-05-20 15:07:20 - Начинаем вставку данных с строки 19
2025-05-20 15:08:41 - Колонки в control.xlsx: ['Номер_плавки', 'Контроль_отлито', 'Контроль_принято', 'Контроль_дата_приемки', 'Контролер1', 'Контролер2', 'Второй_сорт_раковины', 'Второй_сорт_зарез', 'Доработка_раковины', 'Доработка_зарез', 'Доработка_несоответствие_размеров', 'Доработка_несоответствие_внешнего_вида', 'Доработка_наплыв_металла', 'Доработка_прорыв_металла', 'Доработка_вырыв', 'Доработка_облой', 'Доработка_песок_на_поверхности', 'Доработка_песок_в_резьбе', 'Доработка_клей', 'Доработка_коробление', 'Доработка_дефект_пеномодели', 'Доработка_лапы', 'Доработка_питатель', 'Доработка_корона', 'Доработка_смещение', 'Окончательный_брак_недолив', 'Окончательный_брак_вырыв', 'Окончательный_брак_зарез', 'Окончательный_брак_коробление', 'Окончательный_брак_наплыв_металла', 'Окончательный_брак_нарушение_геометрии', 'Окончательный_брак_нарушение_маркировки', 'Окончательный_брак_непроклей', 'Окончательный_брак_неслитина', 'Окончательный_брак_несоответствие_внешнего_вида', 'Окончательный_брак_несоответствие_размеров', 'Окончательный_брак_пеномодель', 'Окончательный_брак_пористость', 'Окончательный_брак_пригар_песка', 'Окончательный_брак_прочее', 'Окончательный_брак_рыхлота', 'Окончательный_брак_раковины', 'Окончательный_брак_скол', 'Окончательный_брак_слом', 'Окончательный_брак_спай', 'Окончательный_брак_трещины', 'Unnamed: 46', 'Контролер3', 'Второй_сорт_зарез_литейный', 'Второй_сорт_зарез_пеномодельный', 'Доработка_клей_подтёк', 'Доработка_клей_по_шву', 'Окончательный_брак_зарез_литейный', 'Окончательный_брак_зарез_пеномодельный', 'Наименование_отливки']
2025-05-20 15:08:41 - Размеры шаблона: 1 строк, 49 столбцов
2025-05-20 15:08:41 - Найдены строки с заголовками: [1]
2025-05-20 15:08:41 - Найдены соответствия колонок: {'дата': 1, 'наименование_отливки': 2, 'отлито': 3, 'принято': 4, 'доработка': 22, 'доработка_раковины': 5, 'доработка_зарез': 6, 'доработка_несоответствие_размеров': 7, 'доработка_несоответствие_внешнего_вида': 8, 'доработка_наплыв_металла': 9, 'доработка_прорыв_металла': 10, 'доработка_вырыв': 11, 'доработка_облой': 12, 'доработка_песок_на_поверхности': 13, 'доработка_песок_в_резьбе': 14, 'доработка_клей': 16, 'доработка_клей_подтёк': 15, 'доработка_клей_по_шву': 16, 'доработка_коробление': 17, 'доработка_дефект_пеномодели': 18, 'доработка_лапы': 19, 'доработка_питатель': 20, 'доработка_корона': 21, 'доработка_смещение': 22, 'окончательный_брак': 44, 'окончательный_брак_раковины': 23, 'окончательный_брак_коробление': 24, 'окончательный_брак_спай': 25, 'окончательный_брак_трещины': 26, 'окончательный_брак_недолив': 27, 'окончательный_брак_пригар_песка': 28, 'окончательный_брак_пористость': 29, 'окончательный_брак_вырыв': 30, 'окончательный_брак_скол': 31, 'окончательный_брак_слом': 32, 'окончательный_брак_зарез': 34, 'окончательный_брак_зарез_литейный': 33, 'окончательный_брак_пеномодель': 38, 'окончательный_брак_зарез_пеномодельный': 34, 'окончательный_брак_нарушение_геометрии': 35, 'окончательный_брак_рыхлота': 36, 'окончательный_брак_непроклей': 37, 'окончательный_брак_наплыв_металла': 39, 'окончательный_брак_несоответствие_размеров': 40, 'окончательный_брак_несоответствие_внешнего_вида': 41, 'окончательный_брак_нарушение_маркировки': 42, 'окончательный_брак_неслитина': 43, 'окончательный_брак_прочее': 44, 'второй_сорт': 48, 'второй_сорт_раковины': 45, 'второй_сорт_зарез_литейный': 46, 'второй_сорт_зарез_пеномодельный': 47}
2025-05-20 15:08:41 - Начинаем вставку данных с строки 2
2025-05-20 15:20:11 - Размеры шаблона: 26 строк, 63 столбцов
2025-05-20 15:20:11 - Найдены строки с заголовками: [16, 18]
2025-05-20 15:20:11 - Найдены соответствия колонок: {'наименование_отливки': 1, 'принято': 2, 'окончательный_брак': 24, 'окончательный_брак_раковины': 3, 'окончательный_брак_коробление': 4, 'окончательный_брак_спай': 5, 'окончательный_брак_трещины': 6, 'окончательный_брак_недолив': 7, 'окончательный_брак_пригар_песка': 8, 'окончательный_брак_пористость': 9, 'окончательный_брак_вырыв': 10, 'окончательный_брак_скол': 11, 'окончательный_брак_слом': 12, 'окончательный_брак_зарез_литейный': 13, 'окончательный_брак_зарез_пеномодельный': 14, 'окончательный_брак_пеномодель': 18, 'окончательный_брак_нарушение_геометрии': 15, 'окончательный_брак_рыхлота': 16, 'окончательный_брак_непроклей': 17, 'окончательный_брак_наплыв_металла': 19, 'окончательный_брак_несоответствие_размеров': 20, 'окончательный_брак_несоответствие_внешнего_вида': 21, 'окончательный_брак_нарушение_маркировки': 22, 'окончательный_брак_неслитина': 23, 'окончательный_брак_прочее': 24, 'второй_сорт': 27, 'второй_сорт_раковины': 25, 'второй_сорт_зарез_литейный': 26, 'второй_сорт_зарез_пеномодельный': 27, 'номер_плавки': 31}
2025-05-20 15:20:11 - Начинаем вставку данных с строки 19
2025-05-20 15:20:32 - Колонки в control.xlsx: ['Номер_плавки', 'Контроль_отлито', 'Контроль_принято', 'Контроль_дата_приемки', 'Контролер1', 'Контролер2', 'Второй_сорт_раковины', 'Второй_сорт_зарез', 'Доработка_раковины', 'Доработка_зарез', 'Доработка_несоответствие_размеров', 'Доработка_несоответствие_внешнего_вида', 'Доработка_наплыв_металла', 'Доработка_прорыв_металла', 'Доработка_вырыв', 'Доработка_облой', 'Доработка_песок_на_поверхности', 'Доработка_песок_в_резьбе', 'Доработка_клей', 'Доработка_коробление', 'Доработка_дефект_пеномодели', 'Доработка_лапы', 'Доработка_питатель', 'Доработка_корона', 'Доработка_смещение', 'Окончательный_брак_недолив', 'Окончательный_брак_вырыв', 'Окончательный_брак_зарез', 'Окончательный_брак_коробление', 'Окончательный_брак_наплыв_металла', 'Окончательный_брак_нарушение_геометрии', 'Окончательный_брак_нарушение_маркировки', 'Окончательный_брак_непроклей', 'Окончательный_брак_неслитина', 'Окончательный_брак_несоответствие_внешнего_вида', 'Окончательный_брак_несоответствие_размеров', 'Окончательный_брак_пеномодель', 'Окончательный_брак_пористость', 'Окончательный_брак_пригар_песка', 'Окончательный_брак_прочее', 'Окончательный_брак_рыхлота', 'Окончательный_брак_раковины', 'Окончательный_брак_скол', 'Окончательный_брак_слом', 'Окончательный_брак_спай', 'Окончательный_брак_трещины', 'Unnamed: 46', 'Контролер3', 'Второй_сорт_зарез_литейный', 'Второй_сорт_зарез_пеномодельный', 'Доработка_клей_подтёк', 'Доработка_клей_по_шву', 'Окончательный_брак_зарез_литейный', 'Окончательный_брак_зарез_пеномодельный', 'Наименование_отливки']
2025-05-20 15:20:32 - Размеры шаблона: 1 строк, 49 столбцов
2025-05-20 15:20:32 - Найдены строки с заголовками: [1]
2025-05-20 15:20:32 - Найдены соответствия колонок: {'дата': 1, 'наименование_отливки': 2, 'отлито': 3, 'принято': 4, 'доработка': 22, 'доработка_раковины': 5, 'доработка_зарез': 6, 'доработка_несоответствие_размеров': 7, 'доработка_несоответствие_внешнего_вида': 8, 'доработка_наплыв_металла': 9, 'доработка_прорыв_металла': 10, 'доработка_вырыв': 11, 'доработка_облой': 12, 'доработка_песок_на_поверхности': 13, 'доработка_песок_в_резьбе': 14, 'доработка_клей': 16, 'доработка_клей_подтёк': 15, 'доработка_клей_по_шву': 16, 'доработка_коробление': 17, 'доработка_дефект_пеномодели': 18, 'доработка_лапы': 19, 'доработка_питатель': 20, 'доработка_корона': 21, 'доработка_смещение': 22, 'окончательный_брак': 44, 'окончательный_брак_раковины': 23, 'окончательный_брак_коробление': 24, 'окончательный_брак_спай': 25, 'окончательный_брак_трещины': 26, 'окончательный_брак_недолив': 27, 'окончательный_брак_пригар_песка': 28, 'окончательный_брак_пористость': 29, 'окончательный_брак_вырыв': 30, 'окончательный_брак_скол': 31, 'окончательный_брак_слом': 32, 'окончательный_брак_зарез': 34, 'окончательный_брак_зарез_литейный': 33, 'окончательный_брак_пеномодель': 38, 'окончательный_брак_зарез_пеномодельный': 34, 'окончательный_брак_нарушение_геометрии': 35, 'окончательный_брак_рыхлота': 36, 'окончательный_брак_непроклей': 37, 'окончательный_брак_наплыв_металла': 39, 'окончательный_брак_несоответствие_размеров': 40, 'окончательный_брак_несоответствие_внешнего_вида': 41, 'окончательный_брак_нарушение_маркировки': 42, 'окончательный_брак_неслитина': 43, 'окончательный_брак_прочее': 44, 'второй_сорт': 48, 'второй_сорт_раковины': 45, 'второй_сорт_зарез_литейный': 46, 'второй_сорт_зарез_пеномодельный': 47}
2025-05-20 15:20:32 - Сформирован словарь номеров плавок по наименованиям (3 наименований)
2025-05-20 15:20:32 - Для 'Вороток' найдены плавки: 5-107/25
2025-05-20 15:20:32 - Для 'Ригель' найдены плавки: 5-132/25, 5-133/25, 5-134/25
2025-05-20 15:20:32 - Для 'Ригель optima' найдены плавки: 3-332/25, 4-193/25
2025-05-20 15:20:32 - Сформировано 3 групп для отчета
2025-05-20 15:20:32 - Начинаем вставку данных с строки 2
2025-05-20 15:20:32 - Заполнено записей: 3
2025-05-20 15:20:32 - Сводный отчет успешно сохранен в файл: Сводный_20-05-2025.xlsx
2025-05-20 15:30:13 - Начало формирования сводного отчета за 20.05.2025
2025-05-20 15:30:13 - Загрузка данных из control.xlsx
2025-05-20 15:30:14 - Колонки в control.xlsx: ['Номер_плавки', 'Контроль_отлито', 'Контроль_принято', 'Контроль_дата_приемки', 'Контролер1', 'Контролер2', 'Второй_сорт_раковины', 'Второй_сорт_зарез', 'Доработка_раковины', 'Доработка_зарез', 'Доработка_несоответствие_размеров', 'Доработка_несоответствие_внешнего_вида', 'Доработка_наплыв_металла', 'Доработка_прорыв_металла', 'Доработка_вырыв', 'Доработка_облой', 'Доработка_песок_на_поверхности', 'Доработка_песок_в_резьбе', 'Доработка_клей', 'Доработка_коробление', 'Доработка_дефект_пеномодели', 'Доработка_лапы', 'Доработка_питатель', 'Доработка_корона', 'Доработка_смещение', 'Окончательный_брак_недолив', 'Окончательный_брак_вырыв', 'Окончательный_брак_зарез', 'Окончательный_брак_коробление', 'Окончательный_брак_наплыв_металла', 'Окончательный_брак_нарушение_геометрии', 'Окончательный_брак_нарушение_маркировки', 'Окончательный_брак_непроклей', 'Окончательный_брак_неслитина', 'Окончательный_брак_несоответствие_внешнего_вида', 'Окончательный_брак_несоответствие_размеров', 'Окончательный_брак_пеномодель', 'Окончательный_брак_пористость', 'Окончательный_брак_пригар_песка', 'Окончательный_брак_прочее', 'Окончательный_брак_рыхлота', 'Окончательный_брак_раковины', 'Окончательный_брак_скол', 'Окончательный_брак_слом', 'Окончательный_брак_спай', 'Окончательный_брак_трещины', 'Unnamed: 46', 'Контролер3', 'Второй_сорт_зарез_литейный', 'Второй_сорт_зарез_пеномодельный', 'Доработка_клей_подтёк', 'Доработка_клей_по_шву', 'Окончательный_брак_зарез_литейный', 'Окончательный_брак_зарез_пеномодельный', 'Наименование_отливки']
2025-05-20 15:30:14 - Всего записей в control.xlsx: 5926
2025-05-20 15:30:14 - Конвертация даты приемки
2025-05-20 15:30:14 - Фильтрация по дате 20.05.2025
2025-05-20 15:30:14 - После фильтрации осталось записей: 6
2025-05-20 15:30:14 - Создаем копию шаблона сводного отчета: Сводный_20-05-2025.xlsx
2025-05-20 15:30:14 - Размеры шаблона: 1 строк, 49 столбцов
2025-05-20 15:30:14 - Найдены строки с заголовками: [1]
2025-05-20 15:30:14 - Найдены соответствия колонок: {'дата': 1, 'наименование_отливки': 2, 'отлито': 3, 'принято': 4, 'доработка': 22, 'доработка_раковины': 5, 'доработка_зарез': 6, 'доработка_несоответствие_размеров': 7, 'доработка_несоответствие_внешнего_вида': 8, 'доработка_наплыв_металла': 9, 'доработка_прорыв_металла': 10, 'доработка_вырыв': 11, 'доработка_облой': 12, 'доработка_песок_на_поверхности': 13, 'доработка_песок_в_резьбе': 14, 'доработка_клей': 16, 'доработка_клей_подтёк': 15, 'доработка_клей_по_шву': 16, 'доработка_коробление': 17, 'доработка_дефект_пеномодели': 18, 'доработка_лапы': 19, 'доработка_питатель': 20, 'доработка_корона': 21, 'доработка_смещение': 22, 'окончательный_брак': 44, 'окончательный_брак_раковины': 23, 'окончательный_брак_коробление': 24, 'окончательный_брак_спай': 25, 'окончательный_брак_трещины': 26, 'окончательный_брак_недолив': 27, 'окончательный_брак_пригар_песка': 28, 'окончательный_брак_пористость': 29, 'окончательный_брак_вырыв': 30, 'окончательный_брак_скол': 31, 'окончательный_брак_слом': 32, 'окончательный_брак_зарез': 34, 'окончательный_брак_зарез_литейный': 33, 'окончательный_брак_пеномодель': 38, 'окончательный_брак_зарез_пеномодельный': 34, 'окончательный_брак_нарушение_геометрии': 35, 'окончательный_брак_рыхлота': 36, 'окончательный_брак_непроклей': 37, 'окончательный_брак_наплыв_металла': 39, 'окончательный_брак_несоответствие_размеров': 40, 'окончательный_брак_несоответствие_внешнего_вида': 41, 'окончательный_брак_нарушение_маркировки': 42, 'окончательный_брак_неслитина': 43, 'окончательный_брак_прочее': 44, 'второй_сорт': 48, 'второй_сорт_раковины': 45, 'второй_сорт_зарез_литейный': 46, 'второй_сорт_зарез_пеномодельный': 47}
2025-05-20 15:30:14 - Начинаем группировку номеров плавок по наименованиям отливок
2025-05-20 15:30:14 - Сформирован словарь номеров плавок по наименованиям (3 наименований)
2025-05-20 15:30:14 - Начинаем группировку данных для отчета
2025-05-20 15:30:14 - Для 'Вороток' найдены плавки: 5-107/25
2025-05-20 15:30:14 - Для 'Ригель' найдены плавки: 5-132/25, 5-133/25, 5-134/25
2025-05-20 15:30:14 - Для 'Ригель optima' найдены плавки: 3-332/25, 4-193/25
2025-05-20 15:30:14 - Сформировано 3 групп для отчета
2025-05-20 15:30:14 - Начинаем вставку данных с строки 2
2025-05-20 15:30:14 - Заполнено записей: 3
2025-05-20 15:30:14 - Сводный отчет успешно сохранен в файл: Сводный_20-05-2025.xlsx
2025-05-20 15:30:14 - Формирование ежедневного отчета на основе сводного отчета: Сводный_20-05-2025.xlsx
2025-05-20 15:30:14 - Колонки в сводном отчете: ['ДАТА', 'НОМЕР И НАИМЕНОВАНИЕ ОТЛИВКИ', 'ОТЛИТО, шт.', 'Контроль_принято', 'Доработка_раковины', 'Доработка_зарез', 'Доработка_несоответствие_размеров', 'Доработка_несоответствие_внешнего_вида', 'Доработка_наплыв_металла', 'Доработка_прорыв_металла', 'Доработка_вырыв', 'Доработка_облой', 'Доработка_песок_на_поверхности', 'Доработка_песок_в_резьбе', 'Доработка_клей_подтёк', 'Доработка_клей_по_шву', 'Доработка_коробление', 'Доработка_дефект_пеномодели', 'Доработка_лапы', 'Доработка_питатель', 'Доработка_корона', 'Доработка_смещение', 'Окончательный_брак_раковины', 'Окончательный_брак_коробление', 'Окончательный_брак_спай', 'Окончательный_брак_трещины', 'Окончательный_брак_недолив', 'Окончательный_брак_пригар_песка', 'Окончательный_брак_пористость', 'Окончательный_брак_вырыв', 'Окончательный_брак_скол', 'Окончательный_брак_слом', 'Окончательный_брак_зарез_литейный', 'Окончательный_брак_зарез_пеномодельный', 'Окончательный_брак_нарушение_геометрии', 'Окончательный_брак_рыхлота', 'Окончательный_брак_непроклей', 'Окончательный_брак_пеномодель', 'Окончательный_брак_наплыв_металла', 'Окончательный_брак_несоответствие_размеров', 'Окончательный_брак_несоответствие_внешнего_вида', 'Окончательный_брак_нарушение_маркировки', 'Окончательный_брак_неслитина', 'Окончательный_брак_прочее', 'Второй_сорт_раковины', 'Второй_сорт_зарез_литейный', 'Второй_сорт_зарез_пеномодельный', 'Второй_сорт_прочее', 'Номера_плавок']
2025-05-20 15:30:14 - Размеры шаблона: 26 строк, 63 столбцов
2025-05-20 15:30:14 - Найдены строки с заголовками: [16, 18]
2025-05-20 15:30:14 - Найдены соответствия колонок: {'наименование_отливки': 1, 'принято': 2, 'окончательный_брак': 24, 'окончательный_брак_раковины': 3, 'окончательный_брак_коробление': 4, 'окончательный_брак_спай': 5, 'окончательный_брак_трещины': 6, 'окончательный_брак_недолив': 7, 'окончательный_брак_пригар_песка': 8, 'окончательный_брак_пористость': 9, 'окончательный_брак_вырыв': 10, 'окончательный_брак_скол': 11, 'окончательный_брак_слом': 12, 'окончательный_брак_зарез_литейный': 13, 'окончательный_брак_зарез_пеномодельный': 14, 'окончательный_брак_пеномодель': 18, 'окончательный_брак_нарушение_геометрии': 15, 'окончательный_брак_рыхлота': 16, 'окончательный_брак_непроклей': 17, 'окончательный_брак_наплыв_металла': 19, 'окончательный_брак_несоответствие_размеров': 20, 'окончательный_брак_несоответствие_внешнего_вида': 21, 'окончательный_брак_нарушение_маркировки': 22, 'окончательный_брак_неслитина': 23, 'окончательный_брак_прочее': 24, 'второй_сорт': 27, 'второй_сорт_раковины': 25, 'второй_сорт_зарез_литейный': 26, 'второй_сорт_зарез_пеномодельный': 27, 'второй_сорт_пеномодель': 27, 'номер_плавки': 31}
2025-05-20 15:30:14 - Начинаем вставку данных с строки 19
2025-05-20 15:30:14 - Ежедневный отчет успешно сохранен в файл: Отчет_20-05-2025.xlsx
2025-05-20 15:30:25 - Начало формирования сводного отчета за 20.05.2025
2025-05-20 15:30:25 - Загрузка данных из control.xlsx
2025-05-20 15:30:27 - Колонки в control.xlsx: ['Номер_плавки', 'Контроль_отлито', 'Контроль_принято', 'Контроль_дата_приемки', 'Контролер1', 'Контролер2', 'Второй_сорт_раковины', 'Второй_сорт_зарез', 'Доработка_раковины', 'Доработка_зарез', 'Доработка_несоответствие_размеров', 'Доработка_несоответствие_внешнего_вида', 'Доработка_наплыв_металла', 'Доработка_прорыв_металла', 'Доработка_вырыв', 'Доработка_облой', 'Доработка_песок_на_поверхности', 'Доработка_песок_в_резьбе', 'Доработка_клей', 'Доработка_коробление', 'Доработка_дефект_пеномодели', 'Доработка_лапы', 'Доработка_питатель', 'Доработка_корона', 'Доработка_смещение', 'Окончательный_брак_недолив', 'Окончательный_брак_вырыв', 'Окончательный_брак_зарез', 'Окончательный_брак_коробление', 'Окончательный_брак_наплыв_металла', 'Окончательный_брак_нарушение_геометрии', 'Окончательный_брак_нарушение_маркировки', 'Окончательный_брак_непроклей', 'Окончательный_брак_неслитина', 'Окончательный_брак_несоответствие_внешнего_вида', 'Окончательный_брак_несоответствие_размеров', 'Окончательный_брак_пеномодель', 'Окончательный_брак_пористость', 'Окончательный_брак_пригар_песка', 'Окончательный_брак_прочее', 'Окончательный_брак_рыхлота', 'Окончательный_брак_раковины', 'Окончательный_брак_скол', 'Окончательный_брак_слом', 'Окончательный_брак_спай', 'Окончательный_брак_трещины', 'Unnamed: 46', 'Контролер3', 'Второй_сорт_зарез_литейный', 'Второй_сорт_зарез_пеномодельный', 'Доработка_клей_подтёк', 'Доработка_клей_по_шву', 'Окончательный_брак_зарез_литейный', 'Окончательный_брак_зарез_пеномодельный', 'Наименование_отливки']
2025-05-20 15:30:27 - Всего записей в control.xlsx: 5926
2025-05-20 15:30:27 - Конвертация даты приемки
2025-05-20 15:30:27 - Фильтрация по дате 20.05.2025
2025-05-20 15:30:27 - После фильтрации осталось записей: 6
2025-05-20 15:30:27 - Создаем копию шаблона сводного отчета: Сводный_20-05-2025.xlsx
2025-05-20 15:30:27 - Размеры шаблона: 1 строк, 49 столбцов
2025-05-20 15:30:27 - Найдены строки с заголовками: [1]
2025-05-20 15:30:27 - Найдены соответствия колонок: {'дата': 1, 'наименование_отливки': 2, 'отлито': 3, 'принято': 4, 'доработка': 22, 'доработка_раковины': 5, 'доработка_зарез': 6, 'доработка_несоответствие_размеров': 7, 'доработка_несоответствие_внешнего_вида': 8, 'доработка_наплыв_металла': 9, 'доработка_прорыв_металла': 10, 'доработка_вырыв': 11, 'доработка_облой': 12, 'доработка_песок_на_поверхности': 13, 'доработка_песок_в_резьбе': 14, 'доработка_клей': 16, 'доработка_клей_подтёк': 15, 'доработка_клей_по_шву': 16, 'доработка_коробление': 17, 'доработка_дефект_пеномодели': 18, 'доработка_лапы': 19, 'доработка_питатель': 20, 'доработка_корона': 21, 'доработка_смещение': 22, 'окончательный_брак': 44, 'окончательный_брак_раковины': 23, 'окончательный_брак_коробление': 24, 'окончательный_брак_спай': 25, 'окончательный_брак_трещины': 26, 'окончательный_брак_недолив': 27, 'окончательный_брак_пригар_песка': 28, 'окончательный_брак_пористость': 29, 'окончательный_брак_вырыв': 30, 'окончательный_брак_скол': 31, 'окончательный_брак_слом': 32, 'окончательный_брак_зарез': 34, 'окончательный_брак_зарез_литейный': 33, 'окончательный_брак_пеномодель': 38, 'окончательный_брак_зарез_пеномодельный': 34, 'окончательный_брак_нарушение_геометрии': 35, 'окончательный_брак_рыхлота': 36, 'окончательный_брак_непроклей': 37, 'окончательный_брак_наплыв_металла': 39, 'окончательный_брак_несоответствие_размеров': 40, 'окончательный_брак_несоответствие_внешнего_вида': 41, 'окончательный_брак_нарушение_маркировки': 42, 'окончательный_брак_неслитина': 43, 'окончательный_брак_прочее': 44, 'второй_сорт': 48, 'второй_сорт_раковины': 45, 'второй_сорт_зарез_литейный': 46, 'второй_сорт_зарез_пеномодельный': 47}
2025-05-20 15:30:27 - Начинаем группировку номеров плавок по наименованиям отливок
2025-05-20 15:30:27 - Сформирован словарь номеров плавок по наименованиям (3 наименований)
2025-05-20 15:30:27 - Начинаем группировку данных для отчета
2025-05-20 15:30:27 - Для 'Вороток' найдены плавки: 5-107/25
2025-05-20 15:30:27 - Для 'Ригель' найдены плавки: 5-132/25, 5-133/25, 5-134/25
2025-05-20 15:30:27 - Для 'Ригель optima' найдены плавки: 3-332/25, 4-193/25
2025-05-20 15:30:27 - Сформировано 3 групп для отчета
2025-05-20 15:30:27 - Начинаем вставку данных с строки 2
2025-05-20 15:30:27 - Заполнено записей: 3
2025-05-20 15:30:27 - Сводный отчет успешно сохранен в файл: Сводный_20-05-2025.xlsx
2025-05-20 15:36:24 - Начало формирования сводного отчета за 20.05.2025
2025-05-20 15:36:24 - Загрузка данных из control.xlsx
2025-05-20 15:36:25 - Колонки в control.xlsx: ['Номер_плавки', 'Контроль_отлито', 'Контроль_принято', 'Контроль_дата_приемки', 'Контролер1', 'Контролер2', 'Второй_сорт_раковины', 'Второй_сорт_зарез', 'Доработка_раковины', 'Доработка_зарез', 'Доработка_несоответствие_размеров', 'Доработка_несоответствие_внешнего_вида', 'Доработка_наплыв_металла', 'Доработка_прорыв_металла', 'Доработка_вырыв', 'Доработка_облой', 'Доработка_песок_на_поверхности', 'Доработка_песок_в_резьбе', 'Доработка_клей', 'Доработка_коробление', 'Доработка_дефект_пеномодели', 'Доработка_лапы', 'Доработка_питатель', 'Доработка_корона', 'Доработка_смещение', 'Окончательный_брак_недолив', 'Окончательный_брак_вырыв', 'Окончательный_брак_зарез', 'Окончательный_брак_коробление', 'Окончательный_брак_наплыв_металла', 'Окончательный_брак_нарушение_геометрии', 'Окончательный_брак_нарушение_маркировки', 'Окончательный_брак_непроклей', 'Окончательный_брак_неслитина', 'Окончательный_брак_несоответствие_внешнего_вида', 'Окончательный_брак_несоответствие_размеров', 'Окончательный_брак_пеномодель', 'Окончательный_брак_пористость', 'Окончательный_брак_пригар_песка', 'Окончательный_брак_прочее', 'Окончательный_брак_рыхлота', 'Окончательный_брак_раковины', 'Окончательный_брак_скол', 'Окончательный_брак_слом', 'Окончательный_брак_спай', 'Окончательный_брак_трещины', 'Unnamed: 46', 'Контролер3', 'Второй_сорт_зарез_литейный', 'Второй_сорт_зарез_пеномодельный', 'Доработка_клей_подтёк', 'Доработка_клей_по_шву', 'Окончательный_брак_зарез_литейный', 'Окончательный_брак_зарез_пеномодельный', 'Наименование_отливки']
2025-05-20 15:36:25 - Всего записей в control.xlsx: 5926
2025-05-20 15:36:25 - Конвертация даты приемки
2025-05-20 15:36:25 - Фильтрация по дате 20.05.2025
2025-05-20 15:36:25 - После фильтрации осталось записей: 6
2025-05-20 15:36:25 - Создаем копию шаблона сводного отчета: Сводный_20-05-2025.xlsx
2025-05-20 15:36:25 - Размеры шаблона: 1 строк, 49 столбцов
2025-05-20 15:36:25 - Найдены строки с заголовками: [1]
2025-05-20 15:36:25 - Найдены основные соответствия колонок: {'дата': 1, 'наименование_отливки': 2, 'отлито': 3, 'принято': 4, 'доработка': 22, 'окончательный_брак': 44, 'второй_сорт': 48}
2025-05-20 15:36:25 - Итоговые соответствия колонок после анализа деталей дефектов: 50 соответствий
2025-05-20 15:36:25 - Начинаем группировку номеров плавок по наименованиям отливок
2025-05-20 15:36:25 - Добавлен номер плавки '5-134/25' для отливки 'Ригель'
2025-05-20 15:36:25 - Добавлен номер плавки '5-133/25' для отливки 'Ригель'
2025-05-20 15:36:25 - Добавлен номер плавки '5-132/25' для отливки 'Ригель'
2025-05-20 15:36:25 - Добавлен номер плавки '3-332/25' для отливки 'Ригель optima'
2025-05-20 15:36:25 - Добавлен номер плавки '4-193/25' для отливки 'Ригель optima'
2025-05-20 15:36:25 - Добавлен номер плавки '5-107/25' для отливки 'Вороток'
2025-05-20 15:36:25 - Сформирован словарь номеров плавок по наименованиям (3 наименований)
2025-05-20 15:36:25 -   Отливка 'Ригель': 3 плавок - 5-132/25, 5-133/25, 5-134/25
2025-05-20 15:36:25 -   Отливка 'Ригель optima': 2 плавок - 3-332/25, 4-193/25
2025-05-20 15:36:25 -   Отливка 'Вороток': 1 плавок - 5-107/25
2025-05-20 15:36:25 - Начинаем группировку данных для отчета
2025-05-20 15:36:25 - Для 'Вороток' найдены плавки: 5-107/25
2025-05-20 15:36:25 - Для 'Ригель' найдены плавки: 5-132/25, 5-133/25, 5-134/25
2025-05-20 15:36:25 - Для 'Ригель optima' найдены плавки: 3-332/25, 4-193/25
2025-05-20 15:36:25 - Сформировано 3 групп для отчета
2025-05-20 15:36:25 - Начинаем вставку данных с строки 2
2025-05-20 15:36:25 - Заполнено записей: 3
2025-05-20 15:36:25 - Сводный отчет успешно сохранен в файл: Сводный_20-05-2025.xlsx
2025-05-20 15:36:40 - Начало формирования сводного отчета за 20.05.2025
2025-05-20 15:36:40 - Загрузка данных из control.xlsx
2025-05-20 15:36:41 - Колонки в control.xlsx: ['Номер_плавки', 'Контроль_отлито', 'Контроль_принято', 'Контроль_дата_приемки', 'Контролер1', 'Контролер2', 'Второй_сорт_раковины', 'Второй_сорт_зарез', 'Доработка_раковины', 'Доработка_зарез', 'Доработка_несоответствие_размеров', 'Доработка_несоответствие_внешнего_вида', 'Доработка_наплыв_металла', 'Доработка_прорыв_металла', 'Доработка_вырыв', 'Доработка_облой', 'Доработка_песок_на_поверхности', 'Доработка_песок_в_резьбе', 'Доработка_клей', 'Доработка_коробление', 'Доработка_дефект_пеномодели', 'Доработка_лапы', 'Доработка_питатель', 'Доработка_корона', 'Доработка_смещение', 'Окончательный_брак_недолив', 'Окончательный_брак_вырыв', 'Окончательный_брак_зарез', 'Окончательный_брак_коробление', 'Окончательный_брак_наплыв_металла', 'Окончательный_брак_нарушение_геометрии', 'Окончательный_брак_нарушение_маркировки', 'Окончательный_брак_непроклей', 'Окончательный_брак_неслитина', 'Окончательный_брак_несоответствие_внешнего_вида', 'Окончательный_брак_несоответствие_размеров', 'Окончательный_брак_пеномодель', 'Окончательный_брак_пористость', 'Окончательный_брак_пригар_песка', 'Окончательный_брак_прочее', 'Окончательный_брак_рыхлота', 'Окончательный_брак_раковины', 'Окончательный_брак_скол', 'Окончательный_брак_слом', 'Окончательный_брак_спай', 'Окончательный_брак_трещины', 'Unnamed: 46', 'Контролер3', 'Второй_сорт_зарез_литейный', 'Второй_сорт_зарез_пеномодельный', 'Доработка_клей_подтёк', 'Доработка_клей_по_шву', 'Окончательный_брак_зарез_литейный', 'Окончательный_брак_зарез_пеномодельный', 'Наименование_отливки']
2025-05-20 15:36:41 - Всего записей в control.xlsx: 5926
2025-05-20 15:36:41 - Конвертация даты приемки
2025-05-20 15:36:41 - Фильтрация по дате 20.05.2025
2025-05-20 15:36:41 - После фильтрации осталось записей: 6
2025-05-20 15:36:41 - Создаем копию шаблона сводного отчета: Сводный_20-05-2025.xlsx
2025-05-20 15:36:41 - Размеры шаблона: 1 строк, 49 столбцов
2025-05-20 15:36:41 - Найдены строки с заголовками: [1]
2025-05-20 15:36:41 - Найдены основные соответствия колонок: {'дата': 1, 'наименование_отливки': 2, 'отлито': 3, 'принято': 4, 'доработка': 22, 'окончательный_брак': 44, 'второй_сорт': 48}
2025-05-20 15:36:41 - Итоговые соответствия колонок после анализа деталей дефектов: 50 соответствий
2025-05-20 15:36:41 - Начинаем группировку номеров плавок по наименованиям отливок
2025-05-20 15:36:41 - Добавлен номер плавки '5-134/25' для отливки 'Ригель'
2025-05-20 15:36:41 - Добавлен номер плавки '5-133/25' для отливки 'Ригель'
2025-05-20 15:36:41 - Добавлен номер плавки '5-132/25' для отливки 'Ригель'
2025-05-20 15:36:41 - Добавлен номер плавки '3-332/25' для отливки 'Ригель optima'
2025-05-20 15:36:41 - Добавлен номер плавки '4-193/25' для отливки 'Ригель optima'
2025-05-20 15:36:41 - Добавлен номер плавки '5-107/25' для отливки 'Вороток'
2025-05-20 15:36:41 - Сформирован словарь номеров плавок по наименованиям (3 наименований)
2025-05-20 15:36:41 -   Отливка 'Ригель': 3 плавок - 5-132/25, 5-133/25, 5-134/25
2025-05-20 15:36:41 -   Отливка 'Ригель optima': 2 плавок - 3-332/25, 4-193/25
2025-05-20 15:36:41 -   Отливка 'Вороток': 1 плавок - 5-107/25
2025-05-20 15:36:41 - Начинаем группировку данных для отчета
2025-05-20 15:36:41 - Для 'Вороток' найдены плавки: 5-107/25
2025-05-20 15:36:41 - Для 'Ригель' найдены плавки: 5-132/25, 5-133/25, 5-134/25
2025-05-20 15:36:41 - Для 'Ригель optima' найдены плавки: 3-332/25, 4-193/25
2025-05-20 15:36:41 - Сформировано 3 групп для отчета
2025-05-20 15:36:41 - Начинаем вставку данных с строки 2
2025-05-20 15:36:41 - Заполнено записей: 3
2025-05-20 15:36:41 - Сводный отчет успешно сохранен в файл: Сводный_20-05-2025.xlsx
2025-05-20 15:36:41 - Формирование ежедневного отчета на основе сводного отчета: Сводный_20-05-2025.xlsx
2025-05-20 15:36:41 - Колонки в сводном отчете: ['ДАТА', 'НОМЕР И НАИМЕНОВАНИЕ ОТЛИВКИ', 'ОТЛИТО, шт.', 'Контроль_принято', 'Доработка_раковины', 'Доработка_зарез', 'Доработка_несоответствие_размеров', 'Доработка_несоответствие_внешнего_вида', 'Доработка_наплыв_металла', 'Доработка_прорыв_металла', 'Доработка_вырыв', 'Доработка_облой', 'Доработка_песок_на_поверхности', 'Доработка_песок_в_резьбе', 'Доработка_клей_подтёк', 'Доработка_клей_по_шву', 'Доработка_коробление', 'Доработка_дефект_пеномодели', 'Доработка_лапы', 'Доработка_питатель', 'Доработка_корона', 'Доработка_смещение', 'Окончательный_брак_раковины', 'Окончательный_брак_коробление', 'Окончательный_брак_спай', 'Окончательный_брак_трещины', 'Окончательный_брак_недолив', 'Окончательный_брак_пригар_песка', 'Окончательный_брак_пористость', 'Окончательный_брак_вырыв', 'Окончательный_брак_скол', 'Окончательный_брак_слом', 'Окончательный_брак_зарез_литейный', 'Окончательный_брак_зарез_пеномодельный', 'Окончательный_брак_нарушение_геометрии', 'Окончательный_брак_рыхлота', 'Окончательный_брак_непроклей', 'Окончательный_брак_пеномодель', 'Окончательный_брак_наплыв_металла', 'Окончательный_брак_несоответствие_размеров', 'Окончательный_брак_несоответствие_внешнего_вида', 'Окончательный_брак_нарушение_маркировки', 'Окончательный_брак_неслитина', 'Окончательный_брак_прочее', 'Второй_сорт_раковины', 'Второй_сорт_зарез_литейный', 'Второй_сорт_зарез_пеномодельный', 'Второй_сорт_прочее', 'Номера_плавок']
2025-05-20 15:36:41 - Размеры шаблона ежедневного отчета: 26 строк, 63 столбцов
2025-05-20 15:36:41 - Размеры сводного отчета: 4 строк, 49 столбцов
2025-05-20 15:36:41 - Найдены строки с заголовками в ежедневном отчете: [16, 18]
2025-05-20 15:36:41 - Найдены строки с заголовками в сводном отчете: [1]
2025-05-20 15:36:41 - Найдены соответствия столбцов:
Ежедневный отчет [1]: 'Наименование_отливки' → Сводный отчет [2]: 'НОМЕР И НАИМЕНОВАНИЕ ОТЛИВКИ'
Ежедневный отчет [2]: 'Контроль_принято' → Сводный отчет [4]: 'Контроль_принято'
Ежедневный отчет [3]: 'Окончательный_брак_раковины' → Сводный отчет [23]: 'Окончательный_брак_раковины'
Ежедневный отчет [4]: 'Окончательный_брак_коробление' → Сводный отчет [24]: 'Окончательный_брак_коробление'
Ежедневный отчет [5]: 'Окончательный_брак_спай' → Сводный отчет [25]: 'Окончательный_брак_спай'
Ежедневный отчет [6]: 'Окончательный_брак_трещины' → Сводный отчет [26]: 'Окончательный_брак_трещины'
Ежедневный отчет [7]: 'Окончательный_брак_недолив' → Сводный отчет [27]: 'Окончательный_брак_недолив'
Ежедневный отчет [8]: 'Окончательный_брак_пригар_песка' → Сводный отчет [28]: 'Окончательный_брак_пригар_песка'
Ежедневный отчет [9]: 'Окончательный_брак_пористость' → Сводный отчет [29]: 'Окончательный_брак_пористость'
Ежедневный отчет [10]: 'Окончательный_брак_вырыв' → Сводный отчет [30]: 'Окончательный_брак_вырыв'
Ежедневный отчет [11]: 'Окончательный_брак_скол' → Сводный отчет [31]: 'Окончательный_брак_скол'
Ежедневный отчет [12]: 'Окончательный_брак_слом' → Сводный отчет [32]: 'Окончательный_брак_слом'
Ежедневный отчет [13]: 'Окончательный_брак_зарез_литейный' → Сводный отчет [33]: 'Окончательный_брак_зарез_литейный'
Ежедневный отчет [14]: 'Окончательный_брак_зарез_пеномодельный' → Сводный отчет [34]: 'Окончательный_брак_зарез_пеномодельный'
Ежедневный отчет [15]: 'Окончательный_брак_нарушение_геометрии' → Сводный отчет [35]: 'Окончательный_брак_нарушение_геометрии'
Ежедневный отчет [16]: 'Окончательный_брак_рыхлота' → Сводный отчет [36]: 'Окончательный_брак_рыхлота'
Ежедневный отчет [17]: 'Окончательный_брак_непроклей' → Сводный отчет [37]: 'Окончательный_брак_непроклей'
Ежедневный отчет [18]: 'Окончательный_брак_пеномодель' → Сводный отчет [38]: 'Окончательный_брак_пеномодель'
Ежедневный отчет [19]: 'Окончательный_брак_наплыв_металла' → Сводный отчет [39]: 'Окончательный_брак_наплыв_металла'
Ежедневный отчет [20]: 'Окончательный_брак_несоответствие_размеров' → Сводный отчет [40]: 'Окончательный_брак_несоответствие_размеров'
Ежедневный отчет [21]: 'Окончательный_брак_несоответствие_внешнего_вида' → Сводный отчет [41]: 'Окончательный_брак_несоответствие_внешнего_вида'
Ежедневный отчет [22]: 'Окончательный_брак_нарушение_маркировки' → Сводный отчет [42]: 'Окончательный_брак_нарушение_маркировки'
Ежедневный отчет [23]: 'Окончательный_брак_неслитина' → Сводный отчет [43]: 'Окончательный_брак_неслитина'
Ежедневный отчет [24]: 'Окончательный_брак_прочее' → Сводный отчет [44]: 'Окончательный_брак_прочее'
Ежедневный отчет [25]: 'Второй_сорт_раковины' → Сводный отчет [45]: 'Второй_сорт_раковины'
Ежедневный отчет [26]: 'Второй_сорт_зарез_литейный' → Сводный отчет [46]: 'Второй_сорт_зарез_литейный'
Ежедневный отчет [27]: 'Второй_сорт_зарез_пеномодельный' → Сводный отчет [47]: 'Второй_сорт_зарез_пеномодельный'
2025-05-20 15:36:41 - Начинаем вставку данных в ежедневный отчет с строки 19
2025-05-20 15:36:41 - Копирование данных из строки 2 сводного отчета в строку 19 ежедневного отчета
2025-05-20 15:36:41 - Копирование данных из строки 3 сводного отчета в строку 20 ежедневного отчета
2025-05-20 15:36:41 - Всего скопировано строк: 2
2025-05-20 15:36:41 - Ежедневный отчет успешно сохранен в файл: Отчет_20-05-2025.xlsx
2025-05-20 15:38:13 - Начало формирования сводного отчета за 20.05.2025
2025-05-20 15:38:13 - Загрузка данных из control.xlsx
2025-05-20 15:38:14 - Колонки в control.xlsx: ['Номер_плавки', 'Контроль_отлито', 'Контроль_принято', 'Контроль_дата_приемки', 'Контролер1', 'Контролер2', 'Второй_сорт_раковины', 'Второй_сорт_зарез', 'Доработка_раковины', 'Доработка_зарез', 'Доработка_несоответствие_размеров', 'Доработка_несоответствие_внешнего_вида', 'Доработка_наплыв_металла', 'Доработка_прорыв_металла', 'Доработка_вырыв', 'Доработка_облой', 'Доработка_песок_на_поверхности', 'Доработка_песок_в_резьбе', 'Доработка_клей', 'Доработка_коробление', 'Доработка_дефект_пеномодели', 'Доработка_лапы', 'Доработка_питатель', 'Доработка_корона', 'Доработка_смещение', 'Окончательный_брак_недолив', 'Окончательный_брак_вырыв', 'Окончательный_брак_зарез', 'Окончательный_брак_коробление', 'Окончательный_брак_наплыв_металла', 'Окончательный_брак_нарушение_геометрии', 'Окончательный_брак_нарушение_маркировки', 'Окончательный_брак_непроклей', 'Окончательный_брак_неслитина', 'Окончательный_брак_несоответствие_внешнего_вида', 'Окончательный_брак_несоответствие_размеров', 'Окончательный_брак_пеномодель', 'Окончательный_брак_пористость', 'Окончательный_брак_пригар_песка', 'Окончательный_брак_прочее', 'Окончательный_брак_рыхлота', 'Окончательный_брак_раковины', 'Окончательный_брак_скол', 'Окончательный_брак_слом', 'Окончательный_брак_спай', 'Окончательный_брак_трещины', 'Unnamed: 46', 'Контролер3', 'Второй_сорт_зарез_литейный', 'Второй_сорт_зарез_пеномодельный', 'Доработка_клей_подтёк', 'Доработка_клей_по_шву', 'Окончательный_брак_зарез_литейный', 'Окончательный_брак_зарез_пеномодельный', 'Наименование_отливки']
2025-05-20 15:38:14 - Всего записей в control.xlsx: 5926
2025-05-20 15:38:14 - Конвертация даты приемки
2025-05-20 15:38:14 - Фильтрация по дате 20.05.2025
2025-05-20 15:38:14 - После фильтрации осталось записей: 6
2025-05-20 15:38:14 - Создаем копию шаблона сводного отчета: Сводный_20-05-2025.xlsx
2025-05-20 15:38:14 - Размеры шаблона: 1 строк, 49 столбцов
2025-05-20 15:38:14 - Найдены строки с заголовками: [1]
2025-05-20 15:38:14 - Найдены основные соответствия колонок: {'дата': 1, 'наименование_отливки': 2, 'отлито': 3, 'принято': 4, 'доработка': 22, 'окончательный_брак': 44, 'второй_сорт': 48}
2025-05-20 15:38:14 - Итоговые соответствия колонок после анализа деталей дефектов: 50 соответствий
2025-05-20 15:38:14 - Начинаем группировку номеров плавок по наименованиям отливок
2025-05-20 15:38:15 - Добавлен номер плавки '5-134/25' для отливки 'Ригель'
2025-05-20 15:38:15 - Добавлен номер плавки '5-133/25' для отливки 'Ригель'
2025-05-20 15:38:15 - Добавлен номер плавки '5-132/25' для отливки 'Ригель'
2025-05-20 15:38:15 - Добавлен номер плавки '3-332/25' для отливки 'Ригель optima'
2025-05-20 15:38:15 - Добавлен номер плавки '4-193/25' для отливки 'Ригель optima'
2025-05-20 15:38:15 - Добавлен номер плавки '5-107/25' для отливки 'Вороток'
2025-05-20 15:38:15 - Сформирован словарь номеров плавок по наименованиям (3 наименований)
2025-05-20 15:38:15 -   Отливка 'Ригель': 3 плавок - 5-132/25, 5-133/25, 5-134/25
2025-05-20 15:38:15 -   Отливка 'Ригель optima': 2 плавок - 3-332/25, 4-193/25
2025-05-20 15:38:15 -   Отливка 'Вороток': 1 плавок - 5-107/25
2025-05-20 15:38:15 - Начинаем группировку данных для отчета
2025-05-20 15:38:15 - Для 'Вороток' найдены плавки: 5-107/25
2025-05-20 15:38:15 - Для 'Ригель' найдены плавки: 5-132/25, 5-133/25, 5-134/25
2025-05-20 15:38:15 - Для 'Ригель optima' найдены плавки: 3-332/25, 4-193/25
2025-05-20 15:38:15 - Сформировано 3 групп для отчета
2025-05-20 15:38:15 - Начинаем вставку данных с строки 2
2025-05-20 15:38:15 - Заполнено записей: 3
2025-05-20 15:38:15 - Сводный отчет успешно сохранен в файл: Сводный_20-05-2025.xlsx
2025-05-20 15:38:21 - Начало формирования сводного отчета за 20.05.2025
2025-05-20 15:38:21 - Загрузка данных из control.xlsx
2025-05-20 15:38:23 - Колонки в control.xlsx: ['Номер_плавки', 'Контроль_отлито', 'Контроль_принято', 'Контроль_дата_приемки', 'Контролер1', 'Контролер2', 'Второй_сорт_раковины', 'Второй_сорт_зарез', 'Доработка_раковины', 'Доработка_зарез', 'Доработка_несоответствие_размеров', 'Доработка_несоответствие_внешнего_вида', 'Доработка_наплыв_металла', 'Доработка_прорыв_металла', 'Доработка_вырыв', 'Доработка_облой', 'Доработка_песок_на_поверхности', 'Доработка_песок_в_резьбе', 'Доработка_клей', 'Доработка_коробление', 'Доработка_дефект_пеномодели', 'Доработка_лапы', 'Доработка_питатель', 'Доработка_корона', 'Доработка_смещение', 'Окончательный_брак_недолив', 'Окончательный_брак_вырыв', 'Окончательный_брак_зарез', 'Окончательный_брак_коробление', 'Окончательный_брак_наплыв_металла', 'Окончательный_брак_нарушение_геометрии', 'Окончательный_брак_нарушение_маркировки', 'Окончательный_брак_непроклей', 'Окончательный_брак_неслитина', 'Окончательный_брак_несоответствие_внешнего_вида', 'Окончательный_брак_несоответствие_размеров', 'Окончательный_брак_пеномодель', 'Окончательный_брак_пористость', 'Окончательный_брак_пригар_песка', 'Окончательный_брак_прочее', 'Окончательный_брак_рыхлота', 'Окончательный_брак_раковины', 'Окончательный_брак_скол', 'Окончательный_брак_слом', 'Окончательный_брак_спай', 'Окончательный_брак_трещины', 'Unnamed: 46', 'Контролер3', 'Второй_сорт_зарез_литейный', 'Второй_сорт_зарез_пеномодельный', 'Доработка_клей_подтёк', 'Доработка_клей_по_шву', 'Окончательный_брак_зарез_литейный', 'Окончательный_брак_зарез_пеномодельный', 'Наименование_отливки']
2025-05-20 15:38:23 - Всего записей в control.xlsx: 5926
2025-05-20 15:38:23 - Конвертация даты приемки
2025-05-20 15:38:23 - Фильтрация по дате 20.05.2025
2025-05-20 15:38:23 - После фильтрации осталось записей: 6
2025-05-20 15:38:23 - Создаем копию шаблона сводного отчета: Сводный_20-05-2025.xlsx
2025-05-20 15:38:23 - Размеры шаблона: 1 строк, 49 столбцов
2025-05-20 15:38:23 - Найдены строки с заголовками: [1]
2025-05-20 15:38:23 - Найдены основные соответствия колонок: {'дата': 1, 'наименование_отливки': 2, 'отлито': 3, 'принято': 4, 'доработка': 22, 'окончательный_брак': 44, 'второй_сорт': 48}
2025-05-20 15:38:23 - Итоговые соответствия колонок после анализа деталей дефектов: 50 соответствий
2025-05-20 15:38:23 - Начинаем группировку номеров плавок по наименованиям отливок
2025-05-20 15:38:23 - Добавлен номер плавки '5-134/25' для отливки 'Ригель'
2025-05-20 15:38:23 - Добавлен номер плавки '5-133/25' для отливки 'Ригель'
2025-05-20 15:38:23 - Добавлен номер плавки '5-132/25' для отливки 'Ригель'
2025-05-20 15:38:23 - Добавлен номер плавки '3-332/25' для отливки 'Ригель optima'
2025-05-20 15:38:23 - Добавлен номер плавки '4-193/25' для отливки 'Ригель optima'
2025-05-20 15:38:23 - Добавлен номер плавки '5-107/25' для отливки 'Вороток'
2025-05-20 15:38:23 - Сформирован словарь номеров плавок по наименованиям (3 наименований)
2025-05-20 15:38:23 -   Отливка 'Ригель': 3 плавок - 5-132/25, 5-133/25, 5-134/25
2025-05-20 15:38:23 -   Отливка 'Ригель optima': 2 плавок - 3-332/25, 4-193/25
2025-05-20 15:38:23 -   Отливка 'Вороток': 1 плавок - 5-107/25
2025-05-20 15:38:23 - Начинаем группировку данных для отчета
2025-05-20 15:38:23 - Для 'Вороток' найдены плавки: 5-107/25
2025-05-20 15:38:23 - Для 'Ригель' найдены плавки: 5-132/25, 5-133/25, 5-134/25
2025-05-20 15:38:23 - Для 'Ригель optima' найдены плавки: 3-332/25, 4-193/25
2025-05-20 15:38:23 - Сформировано 3 групп для отчета
2025-05-20 15:38:23 - Начинаем вставку данных с строки 2
2025-05-20 15:38:23 - Заполнено записей: 3
2025-05-20 15:38:23 - Сводный отчет успешно сохранен в файл: Сводный_20-05-2025.xlsx
2025-05-20 15:38:23 - Формирование ежедневного отчета на основе сводного отчета: Сводный_20-05-2025.xlsx
2025-05-20 15:38:23 - Колонки в сводном отчете: ['ДАТА', 'НОМЕР И НАИМЕНОВАНИЕ ОТЛИВКИ', 'ОТЛИТО, шт.', 'Контроль_принято', 'Доработка_раковины', 'Доработка_зарез', 'Доработка_несоответствие_размеров', 'Доработка_несоответствие_внешнего_вида', 'Доработка_наплыв_металла', 'Доработка_прорыв_металла', 'Доработка_вырыв', 'Доработка_облой', 'Доработка_песок_на_поверхности', 'Доработка_песок_в_резьбе', 'Доработка_клей_подтёк', 'Доработка_клей_по_шву', 'Доработка_коробление', 'Доработка_дефект_пеномодели', 'Доработка_лапы', 'Доработка_питатель', 'Доработка_корона', 'Доработка_смещение', 'Окончательный_брак_раковины', 'Окончательный_брак_коробление', 'Окончательный_брак_спай', 'Окончательный_брак_трещины', 'Окончательный_брак_недолив', 'Окончательный_брак_пригар_песка', 'Окончательный_брак_пористость', 'Окончательный_брак_вырыв', 'Окончательный_брак_скол', 'Окончательный_брак_слом', 'Окончательный_брак_зарез_литейный', 'Окончательный_брак_зарез_пеномодельный', 'Окончательный_брак_нарушение_геометрии', 'Окончательный_брак_рыхлота', 'Окончательный_брак_непроклей', 'Окончательный_брак_пеномодель', 'Окончательный_брак_наплыв_металла', 'Окончательный_брак_несоответствие_размеров', 'Окончательный_брак_несоответствие_внешнего_вида', 'Окончательный_брак_нарушение_маркировки', 'Окончательный_брак_неслитина', 'Окончательный_брак_прочее', 'Второй_сорт_раковины', 'Второй_сорт_зарез_литейный', 'Второй_сорт_зарез_пеномодельный', 'Второй_сорт_прочее', 'Номера_плавок']
2025-05-20 15:38:23 - Размеры шаблона ежедневного отчета: 26 строк, 63 столбцов
2025-05-20 15:38:23 - Размеры сводного отчета: 4 строк, 49 столбцов
2025-05-20 15:38:23 - Найдены строки с заголовками в ежедневном отчете: [16, 18]
2025-05-20 15:38:23 - Найдены строки с заголовками в сводном отчете: [1]
2025-05-20 15:38:23 - Найдены соответствия столбцов:
Ежедневный отчет [1]: 'Наименование_отливки' → Сводный отчет [2]: 'НОМЕР И НАИМЕНОВАНИЕ ОТЛИВКИ'
Ежедневный отчет [2]: 'Контроль_принято' → Сводный отчет [4]: 'Контроль_принято'
Ежедневный отчет [3]: 'Окончательный_брак_раковины' → Сводный отчет [23]: 'Окончательный_брак_раковины'
Ежедневный отчет [4]: 'Окончательный_брак_коробление' → Сводный отчет [24]: 'Окончательный_брак_коробление'
Ежедневный отчет [5]: 'Окончательный_брак_спай' → Сводный отчет [25]: 'Окончательный_брак_спай'
Ежедневный отчет [6]: 'Окончательный_брак_трещины' → Сводный отчет [26]: 'Окончательный_брак_трещины'
Ежедневный отчет [7]: 'Окончательный_брак_недолив' → Сводный отчет [27]: 'Окончательный_брак_недолив'
Ежедневный отчет [8]: 'Окончательный_брак_пригар_песка' → Сводный отчет [28]: 'Окончательный_брак_пригар_песка'
Ежедневный отчет [9]: 'Окончательный_брак_пористость' → Сводный отчет [29]: 'Окончательный_брак_пористость'
Ежедневный отчет [10]: 'Окончательный_брак_вырыв' → Сводный отчет [30]: 'Окончательный_брак_вырыв'
Ежедневный отчет [11]: 'Окончательный_брак_скол' → Сводный отчет [31]: 'Окончательный_брак_скол'
Ежедневный отчет [12]: 'Окончательный_брак_слом' → Сводный отчет [32]: 'Окончательный_брак_слом'
Ежедневный отчет [13]: 'Окончательный_брак_зарез_литейный' → Сводный отчет [33]: 'Окончательный_брак_зарез_литейный'
Ежедневный отчет [14]: 'Окончательный_брак_зарез_пеномодельный' → Сводный отчет [34]: 'Окончательный_брак_зарез_пеномодельный'
Ежедневный отчет [15]: 'Окончательный_брак_нарушение_геометрии' → Сводный отчет [35]: 'Окончательный_брак_нарушение_геометрии'
Ежедневный отчет [16]: 'Окончательный_брак_рыхлота' → Сводный отчет [36]: 'Окончательный_брак_рыхлота'
Ежедневный отчет [17]: 'Окончательный_брак_непроклей' → Сводный отчет [37]: 'Окончательный_брак_непроклей'
Ежедневный отчет [18]: 'Окончательный_брак_пеномодель' → Сводный отчет [38]: 'Окончательный_брак_пеномодель'
Ежедневный отчет [19]: 'Окончательный_брак_наплыв_металла' → Сводный отчет [39]: 'Окончательный_брак_наплыв_металла'
Ежедневный отчет [20]: 'Окончательный_брак_несоответствие_размеров' → Сводный отчет [40]: 'Окончательный_брак_несоответствие_размеров'
Ежедневный отчет [21]: 'Окончательный_брак_несоответствие_внешнего_вида' → Сводный отчет [41]: 'Окончательный_брак_несоответствие_внешнего_вида'
Ежедневный отчет [22]: 'Окончательный_брак_нарушение_маркировки' → Сводный отчет [42]: 'Окончательный_брак_нарушение_маркировки'
Ежедневный отчет [23]: 'Окончательный_брак_неслитина' → Сводный отчет [43]: 'Окончательный_брак_неслитина'
Ежедневный отчет [24]: 'Окончательный_брак_прочее' → Сводный отчет [44]: 'Окончательный_брак_прочее'
Ежедневный отчет [25]: 'Второй_сорт_раковины' → Сводный отчет [45]: 'Второй_сорт_раковины'
Ежедневный отчет [26]: 'Второй_сорт_зарез_литейный' → Сводный отчет [46]: 'Второй_сорт_зарез_литейный'
Ежедневный отчет [27]: 'Второй_сорт_зарез_пеномодельный' → Сводный отчет [47]: 'Второй_сорт_зарез_пеномодельный'
2025-05-20 15:38:23 - Начинаем вставку данных в ежедневный отчет с строки 19
2025-05-20 15:38:23 - Копирование данных из строки 2 сводного отчета в строку 19 ежедневного отчета
2025-05-20 15:38:23 - Копирование данных из строки 3 сводного отчета в строку 20 ежедневного отчета
2025-05-20 15:38:23 - Всего скопировано строк: 2
2025-05-20 15:38:23 - Ежедневный отчет успешно сохранен в файл: Отчет_20-05-2025.xlsx
2025-05-20 15:47:12 - Начало формирования сводного отчета за 20.05.2025
2025-05-20 15:47:12 - Загрузка данных из control.xlsx
2025-05-20 15:47:13 - Колонки в control.xlsx: ['Номер_плавки', 'Контроль_отлито', 'Контроль_принято', 'Контроль_дата_приемки', 'Контролер1', 'Контролер2', 'Второй_сорт_раковины', 'Второй_сорт_зарез', 'Доработка_раковины', 'Доработка_зарез', 'Доработка_несоответствие_размеров', 'Доработка_несоответствие_внешнего_вида', 'Доработка_наплыв_металла', 'Доработка_прорыв_металла', 'Доработка_вырыв', 'Доработка_облой', 'Доработка_песок_на_поверхности', 'Доработка_песок_в_резьбе', 'Доработка_клей', 'Доработка_коробление', 'Доработка_дефект_пеномодели', 'Доработка_лапы', 'Доработка_питатель', 'Доработка_корона', 'Доработка_смещение', 'Окончательный_брак_недолив', 'Окончательный_брак_вырыв', 'Окончательный_брак_зарез', 'Окончательный_брак_коробление', 'Окончательный_брак_наплыв_металла', 'Окончательный_брак_нарушение_геометрии', 'Окончательный_брак_нарушение_маркировки', 'Окончательный_брак_непроклей', 'Окончательный_брак_неслитина', 'Окончательный_брак_несоответствие_внешнего_вида', 'Окончательный_брак_несоответствие_размеров', 'Окончательный_брак_пеномодель', 'Окончательный_брак_пористость', 'Окончательный_брак_пригар_песка', 'Окончательный_брак_прочее', 'Окончательный_брак_рыхлота', 'Окончательный_брак_раковины', 'Окончательный_брак_скол', 'Окончательный_брак_слом', 'Окончательный_брак_спай', 'Окончательный_брак_трещины', 'Unnamed: 46', 'Контролер3', 'Второй_сорт_зарез_литейный', 'Второй_сорт_зарез_пеномодельный', 'Доработка_клей_подтёк', 'Доработка_клей_по_шву', 'Окончательный_брак_зарез_литейный', 'Окончательный_брак_зарез_пеномодельный', 'Наименование_отливки']
2025-05-20 15:47:13 - Всего записей в control.xlsx: 5926
2025-05-20 15:47:13 - Конвертация даты приемки
2025-05-20 15:47:13 - Фильтрация по дате 20.05.2025
2025-05-20 15:47:13 - После фильтрации осталось записей: 6
2025-05-20 15:47:13 - Создаем копию шаблона сводного отчета: Сводный_20-05-2025.xlsx
2025-05-20 15:47:13 - Размеры шаблона: 1 строк, 49 столбцов
2025-05-20 15:47:13 - Найдены строки с заголовками: [1]
2025-05-20 15:47:13 - Найдены основные соответствия колонок: {'дата': 1, 'наименование_отливки': 2, 'отлито': 3, 'принято': 4, 'доработка': 22, 'окончательный_брак': 44, 'второй_сорт': 48}
2025-05-20 15:47:13 - Итоговые соответствия колонок после анализа деталей дефектов: 50 соответствий
2025-05-20 15:47:13 - Начинаем группировку номеров плавок по наименованиям отливок
2025-05-20 15:47:13 - Добавлен номер плавки '5-134/25' для отливки 'Ригель'
2025-05-20 15:47:13 - Добавлен номер плавки '5-133/25' для отливки 'Ригель'
2025-05-20 15:47:13 - Добавлен номер плавки '5-132/25' для отливки 'Ригель'
2025-05-20 15:47:13 - Добавлен номер плавки '3-332/25' для отливки 'Ригель optima'
2025-05-20 15:47:13 - Добавлен номер плавки '4-193/25' для отливки 'Ригель optima'
2025-05-20 15:47:13 - Добавлен номер плавки '5-107/25' для отливки 'Вороток'
2025-05-20 15:47:13 - Сформирован словарь номеров плавок по наименованиям (3 наименований)
2025-05-20 15:47:13 -   Отливка 'Ригель': 3 плавок - 5-132/25, 5-133/25, 5-134/25
2025-05-20 15:47:13 -   Отливка 'Ригель optima': 2 плавок - 3-332/25, 4-193/25
2025-05-20 15:47:13 -   Отливка 'Вороток': 1 плавок - 5-107/25
2025-05-20 15:47:13 - Начинаем группировку данных для отчета
2025-05-20 15:47:13 - Для 'Вороток' найдены плавки: 5-107/25
2025-05-20 15:47:13 - Для 'Ригель' найдены плавки: 5-132/25, 5-133/25, 5-134/25
2025-05-20 15:47:13 - Для 'Ригель optima' найдены плавки: 3-332/25, 4-193/25
2025-05-20 15:47:13 - Сформировано 3 групп для отчета
2025-05-20 15:47:13 - Начинаем вставку данных с строки 2
2025-05-20 15:47:13 - Заполнено записей: 3
2025-05-20 15:47:13 - Сводный отчет успешно сохранен в файл: Сводный_20-05-2025.xlsx
2025-05-20 15:47:40 - Начало формирования сводного отчета за 20.05.2025
2025-05-20 15:47:40 - Загрузка данных из control.xlsx
2025-05-20 15:47:41 - Колонки в control.xlsx: ['Номер_плавки', 'Контроль_отлито', 'Контроль_принято', 'Контроль_дата_приемки', 'Контролер1', 'Контролер2', 'Второй_сорт_раковины', 'Второй_сорт_зарез', 'Доработка_раковины', 'Доработка_зарез', 'Доработка_несоответствие_размеров', 'Доработка_несоответствие_внешнего_вида', 'Доработка_наплыв_металла', 'Доработка_прорыв_металла', 'Доработка_вырыв', 'Доработка_облой', 'Доработка_песок_на_поверхности', 'Доработка_песок_в_резьбе', 'Доработка_клей', 'Доработка_коробление', 'Доработка_дефект_пеномодели', 'Доработка_лапы', 'Доработка_питатель', 'Доработка_корона', 'Доработка_смещение', 'Окончательный_брак_недолив', 'Окончательный_брак_вырыв', 'Окончательный_брак_зарез', 'Окончательный_брак_коробление', 'Окончательный_брак_наплыв_металла', 'Окончательный_брак_нарушение_геометрии', 'Окончательный_брак_нарушение_маркировки', 'Окончательный_брак_непроклей', 'Окончательный_брак_неслитина', 'Окончательный_брак_несоответствие_внешнего_вида', 'Окончательный_брак_несоответствие_размеров', 'Окончательный_брак_пеномодель', 'Окончательный_брак_пористость', 'Окончательный_брак_пригар_песка', 'Окончательный_брак_прочее', 'Окончательный_брак_рыхлота', 'Окончательный_брак_раковины', 'Окончательный_брак_скол', 'Окончательный_брак_слом', 'Окончательный_брак_спай', 'Окончательный_брак_трещины', 'Unnamed: 46', 'Контролер3', 'Второй_сорт_зарез_литейный', 'Второй_сорт_зарез_пеномодельный', 'Доработка_клей_подтёк', 'Доработка_клей_по_шву', 'Окончательный_брак_зарез_литейный', 'Окончательный_брак_зарез_пеномодельный', 'Наименование_отливки']
2025-05-20 15:47:41 - Всего записей в control.xlsx: 5926
2025-05-20 15:47:41 - Конвертация даты приемки
2025-05-20 15:47:41 - Фильтрация по дате 20.05.2025
2025-05-20 15:47:41 - После фильтрации осталось записей: 6
2025-05-20 15:47:41 - Создаем копию шаблона сводного отчета: Сводный_20-05-2025.xlsx
2025-05-20 15:47:41 - Размеры шаблона: 1 строк, 49 столбцов
2025-05-20 15:47:41 - Найдены строки с заголовками: [1]
2025-05-20 15:47:41 - Найдены основные соответствия колонок: {'дата': 1, 'наименование_отливки': 2, 'отлито': 3, 'принято': 4, 'доработка': 22, 'окончательный_брак': 44, 'второй_сорт': 48}
2025-05-20 15:47:41 - Итоговые соответствия колонок после анализа деталей дефектов: 50 соответствий
2025-05-20 15:47:41 - Начинаем группировку номеров плавок по наименованиям отливок
2025-05-20 15:47:41 - Добавлен номер плавки '5-134/25' для отливки 'Ригель'
2025-05-20 15:47:41 - Добавлен номер плавки '5-133/25' для отливки 'Ригель'
2025-05-20 15:47:42 - Добавлен номер плавки '5-132/25' для отливки 'Ригель'
2025-05-20 15:47:42 - Добавлен номер плавки '3-332/25' для отливки 'Ригель optima'
2025-05-20 15:47:42 - Добавлен номер плавки '4-193/25' для отливки 'Ригель optima'
2025-05-20 15:47:42 - Добавлен номер плавки '5-107/25' для отливки 'Вороток'
2025-05-20 15:47:42 - Сформирован словарь номеров плавок по наименованиям (3 наименований)
2025-05-20 15:47:42 -   Отливка 'Ригель': 3 плавок - 5-132/25, 5-133/25, 5-134/25
2025-05-20 15:47:42 -   Отливка 'Ригель optima': 2 плавок - 3-332/25, 4-193/25
2025-05-20 15:47:42 -   Отливка 'Вороток': 1 плавок - 5-107/25
2025-05-20 15:47:42 - Начинаем группировку данных для отчета
2025-05-20 15:47:42 - Для 'Вороток' найдены плавки: 5-107/25
2025-05-20 15:47:42 - Для 'Ригель' найдены плавки: 5-132/25, 5-133/25, 5-134/25
2025-05-20 15:47:42 - Для 'Ригель optima' найдены плавки: 3-332/25, 4-193/25
2025-05-20 15:47:42 - Сформировано 3 групп для отчета
2025-05-20 15:47:42 - Начинаем вставку данных с строки 2
2025-05-20 15:47:42 - Заполнено записей: 3
2025-05-20 15:47:42 - Сводный отчет успешно сохранен в файл: Сводный_20-05-2025.xlsx
2025-05-20 15:47:42 - Формирование ежедневного отчета на основе сводного отчета: Сводный_20-05-2025.xlsx
2025-05-20 15:47:42 - Колонки в сводном отчете: ['ДАТА', 'НОМЕР И НАИМЕНОВАНИЕ ОТЛИВКИ', 'ОТЛИТО, шт.', 'Контроль_принято', 'Доработка_раковины', 'Доработка_зарез', 'Доработка_несоответствие_размеров', 'Доработка_несоответствие_внешнего_вида', 'Доработка_наплыв_металла', 'Доработка_прорыв_металла', 'Доработка_вырыв', 'Доработка_облой', 'Доработка_песок_на_поверхности', 'Доработка_песок_в_резьбе', 'Доработка_клей_подтёк', 'Доработка_клей_по_шву', 'Доработка_коробление', 'Доработка_дефект_пеномодели', 'Доработка_лапы', 'Доработка_питатель', 'Доработка_корона', 'Доработка_смещение', 'Окончательный_брак_раковины', 'Окончательный_брак_коробление', 'Окончательный_брак_спай', 'Окончательный_брак_трещины', 'Окончательный_брак_недолив', 'Окончательный_брак_пригар_песка', 'Окончательный_брак_пористость', 'Окончательный_брак_вырыв', 'Окончательный_брак_скол', 'Окончательный_брак_слом', 'Окончательный_брак_зарез_литейный', 'Окончательный_брак_зарез_пеномодельный', 'Окончательный_брак_нарушение_геометрии', 'Окончательный_брак_рыхлота', 'Окончательный_брак_непроклей', 'Окончательный_брак_пеномодель', 'Окончательный_брак_наплыв_металла', 'Окончательный_брак_несоответствие_размеров', 'Окончательный_брак_несоответствие_внешнего_вида', 'Окончательный_брак_нарушение_маркировки', 'Окончательный_брак_неслитина', 'Окончательный_брак_прочее', 'Второй_сорт_раковины', 'Второй_сорт_зарез_литейный', 'Второй_сорт_зарез_пеномодельный', 'Второй_сорт_прочее', 'Номера_плавок']
2025-05-20 15:47:42 - Размеры шаблона ежедневного отчета: 26 строк, 63 столбцов
2025-05-20 15:47:42 - Размеры сводного отчета: 4 строк, 49 столбцов
2025-05-20 15:47:42 - Найдены строки с заголовками в ежедневном отчете: [16, 18]
2025-05-20 15:47:42 - Найдены строки с заголовками в сводном отчете: [1]
2025-05-20 15:47:42 - Найдены соответствия столбцов:
Ежедневный отчет [1]: 'Наименование_отливки' → Сводный отчет [2]: 'НОМЕР И НАИМЕНОВАНИЕ ОТЛИВКИ'
Ежедневный отчет [2]: 'Контроль_принято' → Сводный отчет [4]: 'Контроль_принято'
Ежедневный отчет [3]: 'Окончательный_брак_раковины' → Сводный отчет [23]: 'Окончательный_брак_раковины'
Ежедневный отчет [4]: 'Окончательный_брак_коробление' → Сводный отчет [24]: 'Окончательный_брак_коробление'
Ежедневный отчет [5]: 'Окончательный_брак_спай' → Сводный отчет [25]: 'Окончательный_брак_спай'
Ежедневный отчет [6]: 'Окончательный_брак_трещины' → Сводный отчет [26]: 'Окончательный_брак_трещины'
Ежедневный отчет [7]: 'Окончательный_брак_недолив' → Сводный отчет [27]: 'Окончательный_брак_недолив'
Ежедневный отчет [8]: 'Окончательный_брак_пригар_песка' → Сводный отчет [28]: 'Окончательный_брак_пригар_песка'
Ежедневный отчет [9]: 'Окончательный_брак_пористость' → Сводный отчет [29]: 'Окончательный_брак_пористость'
Ежедневный отчет [10]: 'Окончательный_брак_вырыв' → Сводный отчет [30]: 'Окончательный_брак_вырыв'
Ежедневный отчет [11]: 'Окончательный_брак_скол' → Сводный отчет [31]: 'Окончательный_брак_скол'
Ежедневный отчет [12]: 'Окончательный_брак_слом' → Сводный отчет [32]: 'Окончательный_брак_слом'
Ежедневный отчет [13]: 'Окончательный_брак_зарез_литейный' → Сводный отчет [33]: 'Окончательный_брак_зарез_литейный'
Ежедневный отчет [14]: 'Окончательный_брак_зарез_пеномодельный' → Сводный отчет [34]: 'Окончательный_брак_зарез_пеномодельный'
Ежедневный отчет [15]: 'Окончательный_брак_нарушение_геометрии' → Сводный отчет [35]: 'Окончательный_брак_нарушение_геометрии'
Ежедневный отчет [16]: 'Окончательный_брак_рыхлота' → Сводный отчет [36]: 'Окончательный_брак_рыхлота'
Ежедневный отчет [17]: 'Окончательный_брак_непроклей' → Сводный отчет [37]: 'Окончательный_брак_непроклей'
Ежедневный отчет [18]: 'Окончательный_брак_пеномодель' → Сводный отчет [38]: 'Окончательный_брак_пеномодель'
Ежедневный отчет [19]: 'Окончательный_брак_наплыв_металла' → Сводный отчет [39]: 'Окончательный_брак_наплыв_металла'
Ежедневный отчет [20]: 'Окончательный_брак_несоответствие_размеров' → Сводный отчет [40]: 'Окончательный_брак_несоответствие_размеров'
Ежедневный отчет [21]: 'Окончательный_брак_несоответствие_внешнего_вида' → Сводный отчет [41]: 'Окончательный_брак_несоответствие_внешнего_вида'
Ежедневный отчет [22]: 'Окончательный_брак_нарушение_маркировки' → Сводный отчет [42]: 'Окончательный_брак_нарушение_маркировки'
Ежедневный отчет [23]: 'Окончательный_брак_неслитина' → Сводный отчет [43]: 'Окончательный_брак_неслитина'
Ежедневный отчет [24]: 'Окончательный_брак_прочее' → Сводный отчет [44]: 'Окончательный_брак_прочее'
Ежедневный отчет [25]: 'Второй_сорт_раковины' → Сводный отчет [45]: 'Второй_сорт_раковины'
Ежедневный отчет [26]: 'Второй_сорт_зарез_литейный' → Сводный отчет [46]: 'Второй_сорт_зарез_литейный'
Ежедневный отчет [27]: 'Второй_сорт_зарез_пеномодельный' → Сводный отчет [47]: 'Второй_сорт_зарез_пеномодельный'
2025-05-20 15:47:42 - Начинаем вставку данных в ежедневный отчет с строки 19
2025-05-20 15:47:42 - Заполняем строку 7 в ежедневном отчете итоговыми данными
2025-05-20 15:47:42 - ОШИБКА при формировании ежедневного отчета: 'MergedCell' object attribute 'value' is read-only
2025-05-20 15:47:42 - Traceback (most recent call last):
  File "C:\Users\1\Projects\СОЭЗ\Telegram\form_kontrol\kontrol.py", line 1692, in generate_daily_report
    ws_daily.cell(row=7, column=daily_col).value = totals[summary_col]
    ^^^^^^^^^^^^^^^^^^^^^^^^^^^^^^^^^^^^^^^^^^^^
AttributeError: 'MergedCell' object attribute 'value' is read-only

2025-05-20 15:47:46 - ОШИБКА: Ошибка при формировании ежедневного отчета: 'MergedCell' object attribute 'value' is read-only
Traceback (most recent call last):
  File "C:\Users\1\Projects\СОЭЗ\Telegram\form_kontrol\kontrol.py", line 1692, in generate_daily_report
    ws_daily.cell(row=7, column=daily_col).value = totals[summary_col]
    ^^^^^^^^^^^^^^^^^^^^^^^^^^^^^^^^^^^^^^^^^^^^
AttributeError: 'MergedCell' object attribute 'value' is read-only

During handling of the above exception, another exception occurred:

Traceback (most recent call last):
  File "C:\Users\1\Projects\СОЭЗ\Telegram\form_kontrol\kontrol.py", line 1089, in show_report_dialog
    daily_report_file = report_generator.generate_daily_report(selected_date, summary_report_file)
  File "C:\Users\1\Projects\СОЭЗ\Telegram\form_kontrol\kontrol.py", line 1778, in generate_daily_report
    raise Exception(f"Ошибка при формировании ежедневного отчета: {str(e)}")
Exception: Ошибка при формировании ежедневного отчета: 'MergedCell' object attribute 'value' is read-only

2025-05-20 15:49:09 - Начало формирования сводного отчета за 20.05.2025
2025-05-20 15:49:09 - Загрузка данных из control.xlsx
2025-05-20 15:49:10 - Колонки в control.xlsx: ['Номер_плавки', 'Контроль_отлито', 'Контроль_принято', 'Контроль_дата_приемки', 'Контролер1', 'Контролер2', 'Второй_сорт_раковины', 'Второй_сорт_зарез', 'Доработка_раковины', 'Доработка_зарез', 'Доработка_несоответствие_размеров', 'Доработка_несоответствие_внешнего_вида', 'Доработка_наплыв_металла', 'Доработка_прорыв_металла', 'Доработка_вырыв', 'Доработка_облой', 'Доработка_песок_на_поверхности', 'Доработка_песок_в_резьбе', 'Доработка_клей', 'Доработка_коробление', 'Доработка_дефект_пеномодели', 'Доработка_лапы', 'Доработка_питатель', 'Доработка_корона', 'Доработка_смещение', 'Окончательный_брак_недолив', 'Окончательный_брак_вырыв', 'Окончательный_брак_зарез', 'Окончательный_брак_коробление', 'Окончательный_брак_наплыв_металла', 'Окончательный_брак_нарушение_геометрии', 'Окончательный_брак_нарушение_маркировки', 'Окончательный_брак_непроклей', 'Окончательный_брак_неслитина', 'Окончательный_брак_несоответствие_внешнего_вида', 'Окончательный_брак_несоответствие_размеров', 'Окончательный_брак_пеномодель', 'Окончательный_брак_пористость', 'Окончательный_брак_пригар_песка', 'Окончательный_брак_прочее', 'Окончательный_брак_рыхлота', 'Окончательный_брак_раковины', 'Окончательный_брак_скол', 'Окончательный_брак_слом', 'Окончательный_брак_спай', 'Окончательный_брак_трещины', 'Unnamed: 46', 'Контролер3', 'Второй_сорт_зарез_литейный', 'Второй_сорт_зарез_пеномодельный', 'Доработка_клей_подтёк', 'Доработка_клей_по_шву', 'Окончательный_брак_зарез_литейный', 'Окончательный_брак_зарез_пеномодельный', 'Наименование_отливки']
2025-05-20 15:49:10 - Всего записей в control.xlsx: 5926
2025-05-20 15:49:10 - Конвертация даты приемки
2025-05-20 15:49:10 - Фильтрация по дате 20.05.2025
2025-05-20 15:49:10 - После фильтрации осталось записей: 6
2025-05-20 15:49:10 - Создаем копию шаблона сводного отчета: Сводный_20-05-2025.xlsx
2025-05-20 15:49:10 - Размеры шаблона: 1 строк, 49 столбцов
2025-05-20 15:49:10 - Найдены строки с заголовками: [1]
2025-05-20 15:49:10 - Найдены основные соответствия колонок: {'дата': 1, 'наименование_отливки': 2, 'отлито': 3, 'принято': 4, 'доработка': 22, 'окончательный_брак': 44, 'второй_сорт': 48}
2025-05-20 15:49:10 - Итоговые соответствия колонок после анализа деталей дефектов: 50 соответствий
2025-05-20 15:49:10 - Начинаем группировку номеров плавок по наименованиям отливок
2025-05-20 15:49:10 - Добавлен номер плавки '5-134/25' для отливки 'Ригель'
2025-05-20 15:49:10 - Добавлен номер плавки '5-133/25' для отливки 'Ригель'
2025-05-20 15:49:10 - Добавлен номер плавки '5-132/25' для отливки 'Ригель'
2025-05-20 15:49:10 - Добавлен номер плавки '3-332/25' для отливки 'Ригель optima'
2025-05-20 15:49:11 - Добавлен номер плавки '4-193/25' для отливки 'Ригель optima'
2025-05-20 15:49:11 - Добавлен номер плавки '5-107/25' для отливки 'Вороток'
2025-05-20 15:49:11 - Сформирован словарь номеров плавок по наименованиям (3 наименований)
2025-05-20 15:49:11 -   Отливка 'Ригель': 3 плавок - 5-132/25, 5-133/25, 5-134/25
2025-05-20 15:49:11 -   Отливка 'Ригель optima': 2 плавок - 3-332/25, 4-193/25
2025-05-20 15:49:11 -   Отливка 'Вороток': 1 плавок - 5-107/25
2025-05-20 15:49:11 - Начинаем группировку данных для отчета
2025-05-20 15:49:11 - Для 'Вороток' найдены плавки: 5-107/25
2025-05-20 15:49:11 - Для 'Ригель' найдены плавки: 5-132/25, 5-133/25, 5-134/25
2025-05-20 15:49:11 - Для 'Ригель optima' найдены плавки: 3-332/25, 4-193/25
2025-05-20 15:49:11 - Сформировано 3 групп для отчета
2025-05-20 15:49:11 - Начинаем вставку данных с строки 2
2025-05-20 15:49:11 - Заполнено записей: 3
2025-05-20 15:49:11 - Сводный отчет успешно сохранен в файл: Сводный_20-05-2025.xlsx
2025-05-20 15:49:11 - Формирование ежедневного отчета на основе сводного отчета: Сводный_20-05-2025.xlsx
2025-05-20 15:49:11 - Колонки в сводном отчете: ['ДАТА', 'НОМЕР И НАИМЕНОВАНИЕ ОТЛИВКИ', 'ОТЛИТО, шт.', 'Контроль_принято', 'Доработка_раковины', 'Доработка_зарез', 'Доработка_несоответствие_размеров', 'Доработка_несоответствие_внешнего_вида', 'Доработка_наплыв_металла', 'Доработка_прорыв_металла', 'Доработка_вырыв', 'Доработка_облой', 'Доработка_песок_на_поверхности', 'Доработка_песок_в_резьбе', 'Доработка_клей_подтёк', 'Доработка_клей_по_шву', 'Доработка_коробление', 'Доработка_дефект_пеномодели', 'Доработка_лапы', 'Доработка_питатель', 'Доработка_корона', 'Доработка_смещение', 'Окончательный_брак_раковины', 'Окончательный_брак_коробление', 'Окончательный_брак_спай', 'Окончательный_брак_трещины', 'Окончательный_брак_недолив', 'Окончательный_брак_пригар_песка', 'Окончательный_брак_пористость', 'Окончательный_брак_вырыв', 'Окончательный_брак_скол', 'Окончательный_брак_слом', 'Окончательный_брак_зарез_литейный', 'Окончательный_брак_зарез_пеномодельный', 'Окончательный_брак_нарушение_геометрии', 'Окончательный_брак_рыхлота', 'Окончательный_брак_непроклей', 'Окончательный_брак_пеномодель', 'Окончательный_брак_наплыв_металла', 'Окончательный_брак_несоответствие_размеров', 'Окончательный_брак_несоответствие_внешнего_вида', 'Окончательный_брак_нарушение_маркировки', 'Окончательный_брак_неслитина', 'Окончательный_брак_прочее', 'Второй_сорт_раковины', 'Второй_сорт_зарез_литейный', 'Второй_сорт_зарез_пеномодельный', 'Второй_сорт_прочее', 'Номера_плавок']
2025-05-20 15:49:11 - Размеры шаблона ежедневного отчета: 26 строк, 63 столбцов
2025-05-20 15:49:11 - Размеры сводного отчета: 4 строк, 49 столбцов
2025-05-20 15:49:11 - Найдены строки с заголовками в ежедневном отчете: [16, 18]
2025-05-20 15:49:11 - Найдены строки с заголовками в сводном отчете: [1]
2025-05-20 15:49:11 - Найдены соответствия столбцов:
Ежедневный отчет [1]: 'Наименование_отливки' → Сводный отчет [2]: 'НОМЕР И НАИМЕНОВАНИЕ ОТЛИВКИ'
Ежедневный отчет [2]: 'Контроль_принято' → Сводный отчет [4]: 'Контроль_принято'
Ежедневный отчет [3]: 'Окончательный_брак_раковины' → Сводный отчет [23]: 'Окончательный_брак_раковины'
Ежедневный отчет [4]: 'Окончательный_брак_коробление' → Сводный отчет [24]: 'Окончательный_брак_коробление'
Ежедневный отчет [5]: 'Окончательный_брак_спай' → Сводный отчет [25]: 'Окончательный_брак_спай'
Ежедневный отчет [6]: 'Окончательный_брак_трещины' → Сводный отчет [26]: 'Окончательный_брак_трещины'
Ежедневный отчет [7]: 'Окончательный_брак_недолив' → Сводный отчет [27]: 'Окончательный_брак_недолив'
Ежедневный отчет [8]: 'Окончательный_брак_пригар_песка' → Сводный отчет [28]: 'Окончательный_брак_пригар_песка'
Ежедневный отчет [9]: 'Окончательный_брак_пористость' → Сводный отчет [29]: 'Окончательный_брак_пористость'
Ежедневный отчет [10]: 'Окончательный_брак_вырыв' → Сводный отчет [30]: 'Окончательный_брак_вырыв'
Ежедневный отчет [11]: 'Окончательный_брак_скол' → Сводный отчет [31]: 'Окончательный_брак_скол'
Ежедневный отчет [12]: 'Окончательный_брак_слом' → Сводный отчет [32]: 'Окончательный_брак_слом'
Ежедневный отчет [13]: 'Окончательный_брак_зарез_литейный' → Сводный отчет [33]: 'Окончательный_брак_зарез_литейный'
Ежедневный отчет [14]: 'Окончательный_брак_зарез_пеномодельный' → Сводный отчет [34]: 'Окончательный_брак_зарез_пеномодельный'
Ежедневный отчет [15]: 'Окончательный_брак_нарушение_геометрии' → Сводный отчет [35]: 'Окончательный_брак_нарушение_геометрии'
Ежедневный отчет [16]: 'Окончательный_брак_рыхлота' → Сводный отчет [36]: 'Окончательный_брак_рыхлота'
Ежедневный отчет [17]: 'Окончательный_брак_непроклей' → Сводный отчет [37]: 'Окончательный_брак_непроклей'
Ежедневный отчет [18]: 'Окончательный_брак_пеномодель' → Сводный отчет [38]: 'Окончательный_брак_пеномодель'
Ежедневный отчет [19]: 'Окончательный_брак_наплыв_металла' → Сводный отчет [39]: 'Окончательный_брак_наплыв_металла'
Ежедневный отчет [20]: 'Окончательный_брак_несоответствие_размеров' → Сводный отчет [40]: 'Окончательный_брак_несоответствие_размеров'
Ежедневный отчет [21]: 'Окончательный_брак_несоответствие_внешнего_вида' → Сводный отчет [41]: 'Окончательный_брак_несоответствие_внешнего_вида'
Ежедневный отчет [22]: 'Окончательный_брак_нарушение_маркировки' → Сводный отчет [42]: 'Окончательный_брак_нарушение_маркировки'
Ежедневный отчет [23]: 'Окончательный_брак_неслитина' → Сводный отчет [43]: 'Окончательный_брак_неслитина'
Ежедневный отчет [24]: 'Окончательный_брак_прочее' → Сводный отчет [44]: 'Окончательный_брак_прочее'
Ежедневный отчет [25]: 'Второй_сорт_раковины' → Сводный отчет [45]: 'Второй_сорт_раковины'
Ежедневный отчет [26]: 'Второй_сорт_зарез_литейный' → Сводный отчет [46]: 'Второй_сорт_зарез_литейный'
Ежедневный отчет [27]: 'Второй_сорт_зарез_пеномодельный' → Сводный отчет [47]: 'Второй_сорт_зарез_пеномодельный'
2025-05-20 15:49:11 - Начинаем вставку данных в ежедневный отчет с строки 19
2025-05-20 15:49:11 - Заполняем строку 7 в ежедневном отчете итоговыми данными
2025-05-20 15:49:11 - В ежедневном отчете найдено 73 объединенных диапазонов
2025-05-20 15:49:11 - Ячейка [7, 17] является головной в объединенном диапазоне
2025-05-20 15:49:11 - Строка 7 заполнена, найдено 44 итоговых значений
2025-05-20 15:49:11 - Копирование данных из строки 2 сводного отчета в строку 19 ежедневного отчета
2025-05-20 15:49:11 - Копирование данных из строки 3 сводного отчета в строку 20 ежедневного отчета
2025-05-20 15:49:11 - Всего скопировано строк: 2
2025-05-20 15:49:11 - Ежедневный отчет успешно сохранен в файл: Отчет_20-05-2025.xlsx
2025-05-20 15:55:58 - Начало формирования сводного отчета за 20.05.2025
2025-05-20 15:55:58 - Загрузка данных из control.xlsx
2025-05-20 15:55:59 - Колонки в control.xlsx: ['Номер_плавки', 'Контроль_отлито', 'Контроль_принято', 'Контроль_дата_приемки', 'Контролер1', 'Контролер2', 'Второй_сорт_раковины', 'Второй_сорт_зарез', 'Доработка_раковины', 'Доработка_зарез', 'Доработка_несоответствие_размеров', 'Доработка_несоответствие_внешнего_вида', 'Доработка_наплыв_металла', 'Доработка_прорыв_металла', 'Доработка_вырыв', 'Доработка_облой', 'Доработка_песок_на_поверхности', 'Доработка_песок_в_резьбе', 'Доработка_клей', 'Доработка_коробление', 'Доработка_дефект_пеномодели', 'Доработка_лапы', 'Доработка_питатель', 'Доработка_корона', 'Доработка_смещение', 'Окончательный_брак_недолив', 'Окончательный_брак_вырыв', 'Окончательный_брак_зарез', 'Окончательный_брак_коробление', 'Окончательный_брак_наплыв_металла', 'Окончательный_брак_нарушение_геометрии', 'Окончательный_брак_нарушение_маркировки', 'Окончательный_брак_непроклей', 'Окончательный_брак_неслитина', 'Окончательный_брак_несоответствие_внешнего_вида', 'Окончательный_брак_несоответствие_размеров', 'Окончательный_брак_пеномодель', 'Окончательный_брак_пористость', 'Окончательный_брак_пригар_песка', 'Окончательный_брак_прочее', 'Окончательный_брак_рыхлота', 'Окончательный_брак_раковины', 'Окончательный_брак_скол', 'Окончательный_брак_слом', 'Окончательный_брак_спай', 'Окончательный_брак_трещины', 'Unnamed: 46', 'Контролер3', 'Второй_сорт_зарез_литейный', 'Второй_сорт_зарез_пеномодельный', 'Доработка_клей_подтёк', 'Доработка_клей_по_шву', 'Окончательный_брак_зарез_литейный', 'Окончательный_брак_зарез_пеномодельный', 'Наименование_отливки']
2025-05-20 15:55:59 - Всего записей в control.xlsx: 5926
2025-05-20 15:55:59 - Конвертация даты приемки
2025-05-20 15:55:59 - Фильтрация по дате 20.05.2025
2025-05-20 15:55:59 - После фильтрации осталось записей: 6
2025-05-20 15:55:59 - Создаем копию шаблона сводного отчета: Сводный_20-05-2025.xlsx
2025-05-20 15:55:59 - Размеры шаблона: 1 строк, 49 столбцов
2025-05-20 15:55:59 - Найдены строки с заголовками: [1]
2025-05-20 15:55:59 - Найдены основные соответствия колонок: {'дата': 1, 'наименование_отливки': 2, 'отлито': 3, 'принято': 4, 'доработка': 22, 'окончательный_брак': 44, 'второй_сорт': 48}
2025-05-20 15:55:59 - Итоговые соответствия колонок после анализа деталей дефектов: 50 соответствий
2025-05-20 15:55:59 - Начинаем группировку номеров плавок по наименованиям отливок
2025-05-20 15:55:59 - Добавлен номер плавки '5-134/25' для отливки 'Ригель'
2025-05-20 15:55:59 - Добавлен номер плавки '5-133/25' для отливки 'Ригель'
2025-05-20 15:55:59 - Добавлен номер плавки '5-132/25' для отливки 'Ригель'
2025-05-20 15:55:59 - Добавлен номер плавки '3-332/25' для отливки 'Ригель optima'
2025-05-20 15:55:59 - Добавлен номер плавки '4-193/25' для отливки 'Ригель optima'
2025-05-20 15:55:59 - Добавлен номер плавки '5-107/25' для отливки 'Вороток'
2025-05-20 15:55:59 - Сформирован словарь номеров плавок по наименованиям (3 наименований)
2025-05-20 15:55:59 -   Отливка 'Ригель': 3 плавок - 5-132/25, 5-133/25, 5-134/25
2025-05-20 15:55:59 -   Отливка 'Ригель optima': 2 плавок - 3-332/25, 4-193/25
2025-05-20 15:55:59 -   Отливка 'Вороток': 1 плавок - 5-107/25
2025-05-20 15:55:59 - Начинаем группировку данных для отчета
2025-05-20 15:55:59 - Для 'Вороток' найдены плавки: 5-107/25
2025-05-20 15:55:59 - Для 'Ригель' найдены плавки: 5-132/25, 5-133/25, 5-134/25
2025-05-20 15:55:59 - Для 'Ригель optima' найдены плавки: 3-332/25, 4-193/25
2025-05-20 15:55:59 - Сформировано 3 групп для отчета
2025-05-20 15:55:59 - Начинаем вставку данных с строки 2
2025-05-20 15:55:59 - Заполнено записей: 3
2025-05-20 15:55:59 - Сводный отчет успешно сохранен в файл: Сводный_20-05-2025.xlsx
2025-05-20 15:56:08 - Начало формирования сводного отчета за 20.05.2025
2025-05-20 15:56:08 - Загрузка данных из control.xlsx
2025-05-20 15:56:09 - Колонки в control.xlsx: ['Номер_плавки', 'Контроль_отлито', 'Контроль_принято', 'Контроль_дата_приемки', 'Контролер1', 'Контролер2', 'Второй_сорт_раковины', 'Второй_сорт_зарез', 'Доработка_раковины', 'Доработка_зарез', 'Доработка_несоответствие_размеров', 'Доработка_несоответствие_внешнего_вида', 'Доработка_наплыв_металла', 'Доработка_прорыв_металла', 'Доработка_вырыв', 'Доработка_облой', 'Доработка_песок_на_поверхности', 'Доработка_песок_в_резьбе', 'Доработка_клей', 'Доработка_коробление', 'Доработка_дефект_пеномодели', 'Доработка_лапы', 'Доработка_питатель', 'Доработка_корона', 'Доработка_смещение', 'Окончательный_брак_недолив', 'Окончательный_брак_вырыв', 'Окончательный_брак_зарез', 'Окончательный_брак_коробление', 'Окончательный_брак_наплыв_металла', 'Окончательный_брак_нарушение_геометрии', 'Окончательный_брак_нарушение_маркировки', 'Окончательный_брак_непроклей', 'Окончательный_брак_неслитина', 'Окончательный_брак_несоответствие_внешнего_вида', 'Окончательный_брак_несоответствие_размеров', 'Окончательный_брак_пеномодель', 'Окончательный_брак_пористость', 'Окончательный_брак_пригар_песка', 'Окончательный_брак_прочее', 'Окончательный_брак_рыхлота', 'Окончательный_брак_раковины', 'Окончательный_брак_скол', 'Окончательный_брак_слом', 'Окончательный_брак_спай', 'Окончательный_брак_трещины', 'Unnamed: 46', 'Контролер3', 'Второй_сорт_зарез_литейный', 'Второй_сорт_зарез_пеномодельный', 'Доработка_клей_подтёк', 'Доработка_клей_по_шву', 'Окончательный_брак_зарез_литейный', 'Окончательный_брак_зарез_пеномодельный', 'Наименование_отливки']
2025-05-20 15:56:09 - Всего записей в control.xlsx: 5926
2025-05-20 15:56:09 - Конвертация даты приемки
2025-05-20 15:56:09 - Фильтрация по дате 20.05.2025
2025-05-20 15:56:09 - После фильтрации осталось записей: 6
2025-05-20 15:56:09 - Создаем копию шаблона сводного отчета: Сводный_20-05-2025.xlsx
2025-05-20 15:56:09 - Размеры шаблона: 1 строк, 49 столбцов
2025-05-20 15:56:09 - Найдены строки с заголовками: [1]
2025-05-20 15:56:09 - Найдены основные соответствия колонок: {'дата': 1, 'наименование_отливки': 2, 'отлито': 3, 'принято': 4, 'доработка': 22, 'окончательный_брак': 44, 'второй_сорт': 48}
2025-05-20 15:56:09 - Итоговые соответствия колонок после анализа деталей дефектов: 50 соответствий
2025-05-20 15:56:09 - Начинаем группировку номеров плавок по наименованиям отливок
2025-05-20 15:56:09 - Добавлен номер плавки '5-134/25' для отливки 'Ригель'
2025-05-20 15:56:09 - Добавлен номер плавки '5-133/25' для отливки 'Ригель'
2025-05-20 15:56:09 - Добавлен номер плавки '5-132/25' для отливки 'Ригель'
2025-05-20 15:56:09 - Добавлен номер плавки '3-332/25' для отливки 'Ригель optima'
2025-05-20 15:56:09 - Добавлен номер плавки '4-193/25' для отливки 'Ригель optima'
2025-05-20 15:56:09 - Добавлен номер плавки '5-107/25' для отливки 'Вороток'
2025-05-20 15:56:09 - Сформирован словарь номеров плавок по наименованиям (3 наименований)
2025-05-20 15:56:09 -   Отливка 'Ригель': 3 плавок - 5-132/25, 5-133/25, 5-134/25
2025-05-20 15:56:09 -   Отливка 'Ригель optima': 2 плавок - 3-332/25, 4-193/25
2025-05-20 15:56:09 -   Отливка 'Вороток': 1 плавок - 5-107/25
2025-05-20 15:56:09 - Начинаем группировку данных для отчета
2025-05-20 15:56:09 - Для 'Вороток' найдены плавки: 5-107/25
2025-05-20 15:56:09 - Для 'Ригель' найдены плавки: 5-132/25, 5-133/25, 5-134/25
2025-05-20 15:56:09 - Для 'Ригель optima' найдены плавки: 3-332/25, 4-193/25
2025-05-20 15:56:09 - Сформировано 3 групп для отчета
2025-05-20 15:56:09 - Начинаем вставку данных с строки 2
2025-05-20 15:56:09 - Заполнено записей: 3
2025-05-20 15:56:09 - Сводный отчет успешно сохранен в файл: Сводный_20-05-2025.xlsx
2025-05-20 15:56:09 - Формирование ежедневного отчета на основе сводного отчета: Сводный_20-05-2025.xlsx
2025-05-20 15:56:09 - Колонки в сводном отчете: ['ДАТА', 'НОМЕР И НАИМЕНОВАНИЕ ОТЛИВКИ', 'ОТЛИТО, шт.', 'Контроль_принято', 'Доработка_раковины', 'Доработка_зарез', 'Доработка_несоответствие_размеров', 'Доработка_несоответствие_внешнего_вида', 'Доработка_наплыв_металла', 'Доработка_прорыв_металла', 'Доработка_вырыв', 'Доработка_облой', 'Доработка_песок_на_поверхности', 'Доработка_песок_в_резьбе', 'Доработка_клей_подтёк', 'Доработка_клей_по_шву', 'Доработка_коробление', 'Доработка_дефект_пеномодели', 'Доработка_лапы', 'Доработка_питатель', 'Доработка_корона', 'Доработка_смещение', 'Окончательный_брак_раковины', 'Окончательный_брак_коробление', 'Окончательный_брак_спай', 'Окончательный_брак_трещины', 'Окончательный_брак_недолив', 'Окончательный_брак_пригар_песка', 'Окончательный_брак_пористость', 'Окончательный_брак_вырыв', 'Окончательный_брак_скол', 'Окончательный_брак_слом', 'Окончательный_брак_зарез_литейный', 'Окончательный_брак_зарез_пеномодельный', 'Окончательный_брак_нарушение_геометрии', 'Окончательный_брак_рыхлота', 'Окончательный_брак_непроклей', 'Окончательный_брак_пеномодель', 'Окончательный_брак_наплыв_металла', 'Окончательный_брак_несоответствие_размеров', 'Окончательный_брак_несоответствие_внешнего_вида', 'Окончательный_брак_нарушение_маркировки', 'Окончательный_брак_неслитина', 'Окончательный_брак_прочее', 'Второй_сорт_раковины', 'Второй_сорт_зарез_литейный', 'Второй_сорт_зарез_пеномодельный', 'Второй_сорт_прочее', 'Номера_плавок']
2025-05-20 15:56:09 - Размеры шаблона ежедневного отчета: 26 строк, 63 столбцов
2025-05-20 15:56:09 - Размеры сводного отчета: 4 строк, 49 столбцов
2025-05-20 15:56:09 - Найдены строки с заголовками в ежедневном отчете: [16, 18]
2025-05-20 15:56:09 - Используем строки заголовков: 16 и 18
2025-05-20 15:56:09 - Найдены строки с заголовками в сводном отчете: [1]
2025-05-20 15:56:09 - Найдены соответствия столбцов для первой секции:
Ежедневный отчет [секция 1, колонка 1]: 'НОМЕР И НАИМЕНОВАНИЕ ОТЛИВКИ' → Сводный отчет [колонка 2]: 'НОМЕР И НАИМЕНОВАНИЕ ОТЛИВКИ'
Ежедневный отчет [секция 1, колонка 3]: 'ОКОНЧАТЕЛЬНЫЙ БРАК, шт.' → Сводный отчет [колонка 44]: 'Окончательный_брак_прочее'
Ежедневный отчет [секция 1, колонка 25]: '2 СОРТ, шт.' → Сводный отчет [колонка 48]: 'Второй_сорт_прочее'
2025-05-20 15:56:09 - Найдены соответствия столбцов для второй секции:
Ежедневный отчет [секция 2, колонка 1]: 'Наименование_отливки' → Сводный отчет [колонка 2]: 'НОМЕР И НАИМЕНОВАНИЕ ОТЛИВКИ'
Ежедневный отчет [секция 2, колонка 2]: 'Контроль_принято' → Сводный отчет [колонка 4]: 'Контроль_принято'
Ежедневный отчет [секция 2, колонка 3]: 'Окончательный_брак_раковины' → Сводный отчет [колонка 23]: 'Окончательный_брак_раковины'
Ежедневный отчет [секция 2, колонка 4]: 'Окончательный_брак_коробление' → Сводный отчет [колонка 24]: 'Окончательный_брак_коробление'
Ежедневный отчет [секция 2, колонка 5]: 'Окончательный_брак_спай' → Сводный отчет [колонка 25]: 'Окончательный_брак_спай'
Ежедневный отчет [секция 2, колонка 6]: 'Окончательный_брак_трещины' → Сводный отчет [колонка 26]: 'Окончательный_брак_трещины'
Ежедневный отчет [секция 2, колонка 7]: 'Окончательный_брак_недолив' → Сводный отчет [колонка 27]: 'Окончательный_брак_недолив'
Ежедневный отчет [секция 2, колонка 8]: 'Окончательный_брак_пригар_песка' → Сводный отчет [колонка 28]: 'Окончательный_брак_пригар_песка'
Ежедневный отчет [секция 2, колонка 9]: 'Окончательный_брак_пористость' → Сводный отчет [колонка 29]: 'Окончательный_брак_пористость'
Ежедневный отчет [секция 2, колонка 10]: 'Окончательный_брак_вырыв' → Сводный отчет [колонка 30]: 'Окончательный_брак_вырыв'
Ежедневный отчет [секция 2, колонка 11]: 'Окончательный_брак_скол' → Сводный отчет [колонка 31]: 'Окончательный_брак_скол'
Ежедневный отчет [секция 2, колонка 12]: 'Окончательный_брак_слом' → Сводный отчет [колонка 32]: 'Окончательный_брак_слом'
Ежедневный отчет [секция 2, колонка 13]: 'Окончательный_брак_зарез_литейный' → Сводный отчет [колонка 33]: 'Окончательный_брак_зарез_литейный'
Ежедневный отчет [секция 2, колонка 14]: 'Окончательный_брак_зарез_пеномодельный' → Сводный отчет [колонка 34]: 'Окончательный_брак_зарез_пеномодельный'
Ежедневный отчет [секция 2, колонка 15]: 'Окончательный_брак_нарушение_геометрии' → Сводный отчет [колонка 35]: 'Окончательный_брак_нарушение_геометрии'
Ежедневный отчет [секция 2, колонка 16]: 'Окончательный_брак_рыхлота' → Сводный отчет [колонка 36]: 'Окончательный_брак_рыхлота'
Ежедневный отчет [секция 2, колонка 17]: 'Окончательный_брак_непроклей' → Сводный отчет [колонка 37]: 'Окончательный_брак_непроклей'
Ежедневный отчет [секция 2, колонка 18]: 'Окончательный_брак_пеномодель' → Сводный отчет [колонка 38]: 'Окончательный_брак_пеномодель'
Ежедневный отчет [секция 2, колонка 19]: 'Окончательный_брак_наплыв_металла' → Сводный отчет [колонка 39]: 'Окончательный_брак_наплыв_металла'
Ежедневный отчет [секция 2, колонка 20]: 'Окончательный_брак_несоответствие_размеров' → Сводный отчет [колонка 40]: 'Окончательный_брак_несоответствие_размеров'
Ежедневный отчет [секция 2, колонка 21]: 'Окончательный_брак_несоответствие_внешнего_вида' → Сводный отчет [колонка 41]: 'Окончательный_брак_несоответствие_внешнего_вида'
Ежедневный отчет [секция 2, колонка 22]: 'Окончательный_брак_нарушение_маркировки' → Сводный отчет [колонка 42]: 'Окончательный_брак_нарушение_маркировки'
Ежедневный отчет [секция 2, колонка 23]: 'Окончательный_брак_неслитина' → Сводный отчет [колонка 43]: 'Окончательный_брак_неслитина'
Ежедневный отчет [секция 2, колонка 24]: 'Окончательный_брак_прочее' → Сводный отчет [колонка 44]: 'Окончательный_брак_прочее'
Ежедневный отчет [секция 2, колонка 25]: 'Второй_сорт_раковины' → Сводный отчет [колонка 45]: 'Второй_сорт_раковины'
Ежедневный отчет [секция 2, колонка 26]: 'Второй_сорт_зарез_литейный' → Сводный отчет [колонка 46]: 'Второй_сорт_зарез_литейный'
Ежедневный отчет [секция 2, колонка 27]: 'Второй_сорт_зарез_пеномодельный' → Сводный отчет [колонка 47]: 'Второй_сорт_зарез_пеномодельный'
2025-05-20 15:56:09 - Начинаем вставку данных в первую секцию с строки 17
2025-05-20 15:56:09 - Начинаем вставку данных во вторую секцию с строки 19
2025-05-20 15:56:09 - Распределено записей: 2 в первую секцию, 0 во вторую секцию
2025-05-20 15:56:09 - ОШИБКА при формировании ежедневного отчета: 'MergedCell' object attribute 'value' is read-only
2025-05-20 15:56:09 - Traceback (most recent call last):
  File "C:\Users\1\Projects\СОЭЗ\Telegram\form_kontrol\kontrol.py", line 1740, in generate_daily_report
    ws_daily.cell(row=daily_row, column=daily_col).value = value
    ^^^^^^^^^^^^^^^^^^^^^^^^^^^^^^^^^^^^^^^^^^^^^^^^^^^^
AttributeError: 'MergedCell' object attribute 'value' is read-only

2025-05-20 15:56:11 - ОШИБКА: Ошибка при формировании ежедневного отчета: 'MergedCell' object attribute 'value' is read-only
Traceback (most recent call last):
  File "C:\Users\1\Projects\СОЭЗ\Telegram\form_kontrol\kontrol.py", line 1740, in generate_daily_report
    ws_daily.cell(row=daily_row, column=daily_col).value = value
    ^^^^^^^^^^^^^^^^^^^^^^^^^^^^^^^^^^^^^^^^^^^^^^^^^^^^
AttributeError: 'MergedCell' object attribute 'value' is read-only

During handling of the above exception, another exception occurred:

Traceback (most recent call last):
  File "C:\Users\1\Projects\СОЭЗ\Telegram\form_kontrol\kontrol.py", line 1089, in show_report_dialog
    daily_report_file = report_generator.generate_daily_report(selected_date, summary_report_file)
  File "C:\Users\1\Projects\СОЭЗ\Telegram\form_kontrol\kontrol.py", line 1807, in generate_daily_report
    raise Exception(f"Ошибка при формировании ежедневного отчета: {str(e)}")
Exception: Ошибка при формировании ежедневного отчета: 'MergedCell' object attribute 'value' is read-only

2025-05-20 15:57:50 - Начало формирования сводного отчета за 20.05.2025
2025-05-20 15:57:50 - Загрузка данных из control.xlsx
2025-05-20 15:57:51 - Колонки в control.xlsx: ['Номер_плавки', 'Контроль_отлито', 'Контроль_принято', 'Контроль_дата_приемки', 'Контролер1', 'Контролер2', 'Второй_сорт_раковины', 'Второй_сорт_зарез', 'Доработка_раковины', 'Доработка_зарез', 'Доработка_несоответствие_размеров', 'Доработка_несоответствие_внешнего_вида', 'Доработка_наплыв_металла', 'Доработка_прорыв_металла', 'Доработка_вырыв', 'Доработка_облой', 'Доработка_песок_на_поверхности', 'Доработка_песок_в_резьбе', 'Доработка_клей', 'Доработка_коробление', 'Доработка_дефект_пеномодели', 'Доработка_лапы', 'Доработка_питатель', 'Доработка_корона', 'Доработка_смещение', 'Окончательный_брак_недолив', 'Окончательный_брак_вырыв', 'Окончательный_брак_зарез', 'Окончательный_брак_коробление', 'Окончательный_брак_наплыв_металла', 'Окончательный_брак_нарушение_геометрии', 'Окончательный_брак_нарушение_маркировки', 'Окончательный_брак_непроклей', 'Окончательный_брак_неслитина', 'Окончательный_брак_несоответствие_внешнего_вида', 'Окончательный_брак_несоответствие_размеров', 'Окончательный_брак_пеномодель', 'Окончательный_брак_пористость', 'Окончательный_брак_пригар_песка', 'Окончательный_брак_прочее', 'Окончательный_брак_рыхлота', 'Окончательный_брак_раковины', 'Окончательный_брак_скол', 'Окончательный_брак_слом', 'Окончательный_брак_спай', 'Окончательный_брак_трещины', 'Unnamed: 46', 'Контролер3', 'Второй_сорт_зарез_литейный', 'Второй_сорт_зарез_пеномодельный', 'Доработка_клей_подтёк', 'Доработка_клей_по_шву', 'Окончательный_брак_зарез_литейный', 'Окончательный_брак_зарез_пеномодельный', 'Наименование_отливки']
2025-05-20 15:57:51 - Всего записей в control.xlsx: 5926
2025-05-20 15:57:51 - Конвертация даты приемки
2025-05-20 15:57:51 - Фильтрация по дате 20.05.2025
2025-05-20 15:57:51 - После фильтрации осталось записей: 6
2025-05-20 15:57:51 - Создаем копию шаблона сводного отчета: Сводный_20-05-2025.xlsx
2025-05-20 15:57:51 - Размеры шаблона: 1 строк, 49 столбцов
2025-05-20 15:57:51 - Найдены строки с заголовками: [1]
2025-05-20 15:57:51 - Найдены основные соответствия колонок: {'дата': 1, 'наименование_отливки': 2, 'отлито': 3, 'принято': 4, 'доработка': 22, 'окончательный_брак': 44, 'второй_сорт': 48}
2025-05-20 15:57:51 - Итоговые соответствия колонок после анализа деталей дефектов: 50 соответствий
2025-05-20 15:57:51 - Начинаем группировку номеров плавок по наименованиям отливок
2025-05-20 15:57:51 - Добавлен номер плавки '5-134/25' для отливки 'Ригель'
2025-05-20 15:57:51 - Добавлен номер плавки '5-133/25' для отливки 'Ригель'
2025-05-20 15:57:51 - Добавлен номер плавки '5-132/25' для отливки 'Ригель'
2025-05-20 15:57:51 - Добавлен номер плавки '3-332/25' для отливки 'Ригель optima'
2025-05-20 15:57:51 - Добавлен номер плавки '4-193/25' для отливки 'Ригель optima'
2025-05-20 15:57:51 - Добавлен номер плавки '5-107/25' для отливки 'Вороток'
2025-05-20 15:57:51 - Сформирован словарь номеров плавок по наименованиям (3 наименований)
2025-05-20 15:57:51 -   Отливка 'Ригель': 3 плавок - 5-132/25, 5-133/25, 5-134/25
2025-05-20 15:57:51 -   Отливка 'Ригель optima': 2 плавок - 3-332/25, 4-193/25
2025-05-20 15:57:51 -   Отливка 'Вороток': 1 плавок - 5-107/25
2025-05-20 15:57:51 - Начинаем группировку данных для отчета
2025-05-20 15:57:51 - Для 'Вороток' найдены плавки: 5-107/25
2025-05-20 15:57:51 - Для 'Ригель' найдены плавки: 5-132/25, 5-133/25, 5-134/25
2025-05-20 15:57:51 - Для 'Ригель optima' найдены плавки: 3-332/25, 4-193/25
2025-05-20 15:57:51 - Сформировано 3 групп для отчета
2025-05-20 15:57:51 - Начинаем вставку данных с строки 2
2025-05-20 15:57:51 - Заполнено записей: 3
2025-05-20 15:57:51 - Сводный отчет успешно сохранен в файл: Сводный_20-05-2025.xlsx
2025-05-20 15:57:51 - Формирование ежедневного отчета на основе сводного отчета: Сводный_20-05-2025.xlsx
2025-05-20 15:57:51 - Колонки в сводном отчете: ['ДАТА', 'НОМЕР И НАИМЕНОВАНИЕ ОТЛИВКИ', 'ОТЛИТО, шт.', 'Контроль_принято', 'Доработка_раковины', 'Доработка_зарез', 'Доработка_несоответствие_размеров', 'Доработка_несоответствие_внешнего_вида', 'Доработка_наплыв_металла', 'Доработка_прорыв_металла', 'Доработка_вырыв', 'Доработка_облой', 'Доработка_песок_на_поверхности', 'Доработка_песок_в_резьбе', 'Доработка_клей_подтёк', 'Доработка_клей_по_шву', 'Доработка_коробление', 'Доработка_дефект_пеномодели', 'Доработка_лапы', 'Доработка_питатель', 'Доработка_корона', 'Доработка_смещение', 'Окончательный_брак_раковины', 'Окончательный_брак_коробление', 'Окончательный_брак_спай', 'Окончательный_брак_трещины', 'Окончательный_брак_недолив', 'Окончательный_брак_пригар_песка', 'Окончательный_брак_пористость', 'Окончательный_брак_вырыв', 'Окончательный_брак_скол', 'Окончательный_брак_слом', 'Окончательный_брак_зарез_литейный', 'Окончательный_брак_зарез_пеномодельный', 'Окончательный_брак_нарушение_геометрии', 'Окончательный_брак_рыхлота', 'Окончательный_брак_непроклей', 'Окончательный_брак_пеномодель', 'Окончательный_брак_наплыв_металла', 'Окончательный_брак_несоответствие_размеров', 'Окончательный_брак_несоответствие_внешнего_вида', 'Окончательный_брак_нарушение_маркировки', 'Окончательный_брак_неслитина', 'Окончательный_брак_прочее', 'Второй_сорт_раковины', 'Второй_сорт_зарез_литейный', 'Второй_сорт_зарез_пеномодельный', 'Второй_сорт_прочее', 'Номера_плавок']
2025-05-20 15:57:51 - Размеры шаблона ежедневного отчета: 26 строк, 63 столбцов
2025-05-20 15:57:51 - Размеры сводного отчета: 4 строк, 49 столбцов
2025-05-20 15:57:51 - Найдены строки с заголовками в ежедневном отчете: [16, 18]
2025-05-20 15:57:51 - Используем строки заголовков: 16 и 18
2025-05-20 15:57:51 - Найдены строки с заголовками в сводном отчете: [1]
2025-05-20 15:57:51 - Найдены соответствия столбцов для первой секции:
Ежедневный отчет [секция 1, колонка 1]: 'НОМЕР И НАИМЕНОВАНИЕ ОТЛИВКИ' → Сводный отчет [колонка 2]: 'НОМЕР И НАИМЕНОВАНИЕ ОТЛИВКИ'
Ежедневный отчет [секция 1, колонка 3]: 'ОКОНЧАТЕЛЬНЫЙ БРАК, шт.' → Сводный отчет [колонка 44]: 'Окончательный_брак_прочее'
Ежедневный отчет [секция 1, колонка 25]: '2 СОРТ, шт.' → Сводный отчет [колонка 48]: 'Второй_сорт_прочее'
2025-05-20 15:57:51 - Найдены соответствия столбцов для второй секции:
Ежедневный отчет [секция 2, колонка 1]: 'Наименование_отливки' → Сводный отчет [колонка 2]: 'НОМЕР И НАИМЕНОВАНИЕ ОТЛИВКИ'
Ежедневный отчет [секция 2, колонка 2]: 'Контроль_принято' → Сводный отчет [колонка 4]: 'Контроль_принято'
Ежедневный отчет [секция 2, колонка 3]: 'Окончательный_брак_раковины' → Сводный отчет [колонка 23]: 'Окончательный_брак_раковины'
Ежедневный отчет [секция 2, колонка 4]: 'Окончательный_брак_коробление' → Сводный отчет [колонка 24]: 'Окончательный_брак_коробление'
Ежедневный отчет [секция 2, колонка 5]: 'Окончательный_брак_спай' → Сводный отчет [колонка 25]: 'Окончательный_брак_спай'
Ежедневный отчет [секция 2, колонка 6]: 'Окончательный_брак_трещины' → Сводный отчет [колонка 26]: 'Окончательный_брак_трещины'
Ежедневный отчет [секция 2, колонка 7]: 'Окончательный_брак_недолив' → Сводный отчет [колонка 27]: 'Окончательный_брак_недолив'
Ежедневный отчет [секция 2, колонка 8]: 'Окончательный_брак_пригар_песка' → Сводный отчет [колонка 28]: 'Окончательный_брак_пригар_песка'
Ежедневный отчет [секция 2, колонка 9]: 'Окончательный_брак_пористость' → Сводный отчет [колонка 29]: 'Окончательный_брак_пористость'
Ежедневный отчет [секция 2, колонка 10]: 'Окончательный_брак_вырыв' → Сводный отчет [колонка 30]: 'Окончательный_брак_вырыв'
Ежедневный отчет [секция 2, колонка 11]: 'Окончательный_брак_скол' → Сводный отчет [колонка 31]: 'Окончательный_брак_скол'
Ежедневный отчет [секция 2, колонка 12]: 'Окончательный_брак_слом' → Сводный отчет [колонка 32]: 'Окончательный_брак_слом'
Ежедневный отчет [секция 2, колонка 13]: 'Окончательный_брак_зарез_литейный' → Сводный отчет [колонка 33]: 'Окончательный_брак_зарез_литейный'
Ежедневный отчет [секция 2, колонка 14]: 'Окончательный_брак_зарез_пеномодельный' → Сводный отчет [колонка 34]: 'Окончательный_брак_зарез_пеномодельный'
Ежедневный отчет [секция 2, колонка 15]: 'Окончательный_брак_нарушение_геометрии' → Сводный отчет [колонка 35]: 'Окончательный_брак_нарушение_геометрии'
Ежедневный отчет [секция 2, колонка 16]: 'Окончательный_брак_рыхлота' → Сводный отчет [колонка 36]: 'Окончательный_брак_рыхлота'
Ежедневный отчет [секция 2, колонка 17]: 'Окончательный_брак_непроклей' → Сводный отчет [колонка 37]: 'Окончательный_брак_непроклей'
Ежедневный отчет [секция 2, колонка 18]: 'Окончательный_брак_пеномодель' → Сводный отчет [колонка 38]: 'Окончательный_брак_пеномодель'
Ежедневный отчет [секция 2, колонка 19]: 'Окончательный_брак_наплыв_металла' → Сводный отчет [колонка 39]: 'Окончательный_брак_наплыв_металла'
Ежедневный отчет [секция 2, колонка 20]: 'Окончательный_брак_несоответствие_размеров' → Сводный отчет [колонка 40]: 'Окончательный_брак_несоответствие_размеров'
Ежедневный отчет [секция 2, колонка 21]: 'Окончательный_брак_несоответствие_внешнего_вида' → Сводный отчет [колонка 41]: 'Окончательный_брак_несоответствие_внешнего_вида'
Ежедневный отчет [секция 2, колонка 22]: 'Окончательный_брак_нарушение_маркировки' → Сводный отчет [колонка 42]: 'Окончательный_брак_нарушение_маркировки'
Ежедневный отчет [секция 2, колонка 23]: 'Окончательный_брак_неслитина' → Сводный отчет [колонка 43]: 'Окончательный_брак_неслитина'
Ежедневный отчет [секция 2, колонка 24]: 'Окончательный_брак_прочее' → Сводный отчет [колонка 44]: 'Окончательный_брак_прочее'
Ежедневный отчет [секция 2, колонка 25]: 'Второй_сорт_раковины' → Сводный отчет [колонка 45]: 'Второй_сорт_раковины'
Ежедневный отчет [секция 2, колонка 26]: 'Второй_сорт_зарез_литейный' → Сводный отчет [колонка 46]: 'Второй_сорт_зарез_литейный'
Ежедневный отчет [секция 2, колонка 27]: 'Второй_сорт_зарез_пеномодельный' → Сводный отчет [колонка 47]: 'Второй_сорт_зарез_пеномодельный'
2025-05-20 15:57:51 - Начинаем вставку данных в первую секцию с строки 17
2025-05-20 15:57:51 - Начинаем вставку данных во вторую секцию с строки 19
2025-05-20 15:57:51 - В ежедневном отчете найдено 73 объединенных диапазонов
2025-05-20 15:57:51 - Распределено записей: 2 в первую секцию, 2 во вторую секцию
2025-05-20 15:57:51 - Всего заполнено строк: 4
2025-05-20 15:57:51 - ОШИБКА при формировании ежедневного отчета: name 'data_start_row_daily' is not defined
2025-05-20 15:57:51 - Traceback (most recent call last):
  File "C:\Users\1\Projects\СОЭЗ\Telegram\form_kontrol\kontrol.py", line 1811, in generate_daily_report
    for row in range(data_start_row_daily, data_start_row_daily + rows_processed + 10):
                     ^^^^^^^^^^^^^^^^^^^^
NameError: name 'data_start_row_daily' is not defined

2025-05-20 15:57:53 - ОШИБКА: Ошибка при формировании ежедневного отчета: name 'data_start_row_daily' is not defined
Traceback (most recent call last):
  File "C:\Users\1\Projects\СОЭЗ\Telegram\form_kontrol\kontrol.py", line 1811, in generate_daily_report
    for row in range(data_start_row_daily, data_start_row_daily + rows_processed + 10):
                     ^^^^^^^^^^^^^^^^^^^^
NameError: name 'data_start_row_daily' is not defined

During handling of the above exception, another exception occurred:

Traceback (most recent call last):
  File "C:\Users\1\Projects\СОЭЗ\Telegram\form_kontrol\kontrol.py", line 1089, in show_report_dialog
    daily_report_file = report_generator.generate_daily_report(selected_date, summary_report_file)
  File "C:\Users\1\Projects\СОЭЗ\Telegram\form_kontrol\kontrol.py", line 1842, in generate_daily_report
    raise Exception(f"Ошибка при формировании ежедневного отчета: {str(e)}")
Exception: Ошибка при формировании ежедневного отчета: name 'data_start_row_daily' is not defined

2025-05-20 15:59:20 - Начало формирования сводного отчета за 20.05.2025
2025-05-20 15:59:20 - Загрузка данных из control.xlsx
2025-05-20 15:59:21 - Колонки в control.xlsx: ['Номер_плавки', 'Контроль_отлито', 'Контроль_принято', 'Контроль_дата_приемки', 'Контролер1', 'Контролер2', 'Второй_сорт_раковины', 'Второй_сорт_зарез', 'Доработка_раковины', 'Доработка_зарез', 'Доработка_несоответствие_размеров', 'Доработка_несоответствие_внешнего_вида', 'Доработка_наплыв_металла', 'Доработка_прорыв_металла', 'Доработка_вырыв', 'Доработка_облой', 'Доработка_песок_на_поверхности', 'Доработка_песок_в_резьбе', 'Доработка_клей', 'Доработка_коробление', 'Доработка_дефект_пеномодели', 'Доработка_лапы', 'Доработка_питатель', 'Доработка_корона', 'Доработка_смещение', 'Окончательный_брак_недолив', 'Окончательный_брак_вырыв', 'Окончательный_брак_зарез', 'Окончательный_брак_коробление', 'Окончательный_брак_наплыв_металла', 'Окончательный_брак_нарушение_геометрии', 'Окончательный_брак_нарушение_маркировки', 'Окончательный_брак_непроклей', 'Окончательный_брак_неслитина', 'Окончательный_брак_несоответствие_внешнего_вида', 'Окончательный_брак_несоответствие_размеров', 'Окончательный_брак_пеномодель', 'Окончательный_брак_пористость', 'Окончательный_брак_пригар_песка', 'Окончательный_брак_прочее', 'Окончательный_брак_рыхлота', 'Окончательный_брак_раковины', 'Окончательный_брак_скол', 'Окончательный_брак_слом', 'Окончательный_брак_спай', 'Окончательный_брак_трещины', 'Unnamed: 46', 'Контролер3', 'Второй_сорт_зарез_литейный', 'Второй_сорт_зарез_пеномодельный', 'Доработка_клей_подтёк', 'Доработка_клей_по_шву', 'Окончательный_брак_зарез_литейный', 'Окончательный_брак_зарез_пеномодельный', 'Наименование_отливки']
2025-05-20 15:59:21 - Всего записей в control.xlsx: 5926
2025-05-20 15:59:21 - Конвертация даты приемки
2025-05-20 15:59:21 - Фильтрация по дате 20.05.2025
2025-05-20 15:59:21 - После фильтрации осталось записей: 6
2025-05-20 15:59:21 - Создаем копию шаблона сводного отчета: Сводный_20-05-2025.xlsx
2025-05-20 15:59:21 - Размеры шаблона: 1 строк, 49 столбцов
2025-05-20 15:59:21 - Найдены строки с заголовками: [1]
2025-05-20 15:59:21 - Найдены основные соответствия колонок: {'дата': 1, 'наименование_отливки': 2, 'отлито': 3, 'принято': 4, 'доработка': 22, 'окончательный_брак': 44, 'второй_сорт': 48}
2025-05-20 15:59:21 - Итоговые соответствия колонок после анализа деталей дефектов: 50 соответствий
2025-05-20 15:59:21 - Начинаем группировку номеров плавок по наименованиям отливок
2025-05-20 15:59:21 - Добавлен номер плавки '5-134/25' для отливки 'Ригель'
2025-05-20 15:59:21 - Добавлен номер плавки '5-133/25' для отливки 'Ригель'
2025-05-20 15:59:21 - Добавлен номер плавки '5-132/25' для отливки 'Ригель'
2025-05-20 15:59:21 - Добавлен номер плавки '3-332/25' для отливки 'Ригель optima'
2025-05-20 15:59:21 - Добавлен номер плавки '4-193/25' для отливки 'Ригель optima'
2025-05-20 15:59:21 - Добавлен номер плавки '5-107/25' для отливки 'Вороток'
2025-05-20 15:59:21 - Сформирован словарь номеров плавок по наименованиям (3 наименований)
2025-05-20 15:59:21 -   Отливка 'Ригель': 3 плавок - 5-132/25, 5-133/25, 5-134/25
2025-05-20 15:59:21 -   Отливка 'Ригель optima': 2 плавок - 3-332/25, 4-193/25
2025-05-20 15:59:21 -   Отливка 'Вороток': 1 плавок - 5-107/25
2025-05-20 15:59:21 - Начинаем группировку данных для отчета
2025-05-20 15:59:21 - Для 'Вороток' найдены плавки: 5-107/25
2025-05-20 15:59:21 - Для 'Ригель' найдены плавки: 5-132/25, 5-133/25, 5-134/25
2025-05-20 15:59:21 - Для 'Ригель optima' найдены плавки: 3-332/25, 4-193/25
2025-05-20 15:59:21 - Сформировано 3 групп для отчета
2025-05-20 15:59:21 - Начинаем вставку данных с строки 2
2025-05-20 15:59:21 - Заполнено записей: 3
2025-05-20 15:59:21 - Сводный отчет успешно сохранен в файл: Сводный_20-05-2025.xlsx
2025-05-20 15:59:21 - Формирование ежедневного отчета на основе сводного отчета: Сводный_20-05-2025.xlsx
2025-05-20 15:59:21 - Колонки в сводном отчете: ['ДАТА', 'НОМЕР И НАИМЕНОВАНИЕ ОТЛИВКИ', 'ОТЛИТО, шт.', 'Контроль_принято', 'Доработка_раковины', 'Доработка_зарез', 'Доработка_несоответствие_размеров', 'Доработка_несоответствие_внешнего_вида', 'Доработка_наплыв_металла', 'Доработка_прорыв_металла', 'Доработка_вырыв', 'Доработка_облой', 'Доработка_песок_на_поверхности', 'Доработка_песок_в_резьбе', 'Доработка_клей_подтёк', 'Доработка_клей_по_шву', 'Доработка_коробление', 'Доработка_дефект_пеномодели', 'Доработка_лапы', 'Доработка_питатель', 'Доработка_корона', 'Доработка_смещение', 'Окончательный_брак_раковины', 'Окончательный_брак_коробление', 'Окончательный_брак_спай', 'Окончательный_брак_трещины', 'Окончательный_брак_недолив', 'Окончательный_брак_пригар_песка', 'Окончательный_брак_пористость', 'Окончательный_брак_вырыв', 'Окончательный_брак_скол', 'Окончательный_брак_слом', 'Окончательный_брак_зарез_литейный', 'Окончательный_брак_зарез_пеномодельный', 'Окончательный_брак_нарушение_геометрии', 'Окончательный_брак_рыхлота', 'Окончательный_брак_непроклей', 'Окончательный_брак_пеномодель', 'Окончательный_брак_наплыв_металла', 'Окончательный_брак_несоответствие_размеров', 'Окончательный_брак_несоответствие_внешнего_вида', 'Окончательный_брак_нарушение_маркировки', 'Окончательный_брак_неслитина', 'Окончательный_брак_прочее', 'Второй_сорт_раковины', 'Второй_сорт_зарез_литейный', 'Второй_сорт_зарез_пеномодельный', 'Второй_сорт_прочее', 'Номера_плавок']
2025-05-20 15:59:21 - Размеры шаблона ежедневного отчета: 26 строк, 63 столбцов
2025-05-20 15:59:21 - Размеры сводного отчета: 4 строк, 49 столбцов
2025-05-20 15:59:21 - Найдены строки с заголовками в ежедневном отчете: [16, 18]
2025-05-20 15:59:21 - Используем строки заголовков: 16 и 18
2025-05-20 15:59:21 - Найдены строки с заголовками в сводном отчете: [1]
2025-05-20 15:59:21 - Найдены соответствия столбцов для первой секции:
Ежедневный отчет [секция 1, колонка 1]: 'НОМЕР И НАИМЕНОВАНИЕ ОТЛИВКИ' → Сводный отчет [колонка 2]: 'НОМЕР И НАИМЕНОВАНИЕ ОТЛИВКИ'
Ежедневный отчет [секция 1, колонка 3]: 'ОКОНЧАТЕЛЬНЫЙ БРАК, шт.' → Сводный отчет [колонка 44]: 'Окончательный_брак_прочее'
Ежедневный отчет [секция 1, колонка 25]: '2 СОРТ, шт.' → Сводный отчет [колонка 48]: 'Второй_сорт_прочее'
2025-05-20 15:59:21 - Найдены соответствия столбцов для второй секции:
Ежедневный отчет [секция 2, колонка 1]: 'Наименование_отливки' → Сводный отчет [колонка 2]: 'НОМЕР И НАИМЕНОВАНИЕ ОТЛИВКИ'
Ежедневный отчет [секция 2, колонка 2]: 'Контроль_принято' → Сводный отчет [колонка 4]: 'Контроль_принято'
Ежедневный отчет [секция 2, колонка 3]: 'Окончательный_брак_раковины' → Сводный отчет [колонка 23]: 'Окончательный_брак_раковины'
Ежедневный отчет [секция 2, колонка 4]: 'Окончательный_брак_коробление' → Сводный отчет [колонка 24]: 'Окончательный_брак_коробление'
Ежедневный отчет [секция 2, колонка 5]: 'Окончательный_брак_спай' → Сводный отчет [колонка 25]: 'Окончательный_брак_спай'
Ежедневный отчет [секция 2, колонка 6]: 'Окончательный_брак_трещины' → Сводный отчет [колонка 26]: 'Окончательный_брак_трещины'
Ежедневный отчет [секция 2, колонка 7]: 'Окончательный_брак_недолив' → Сводный отчет [колонка 27]: 'Окончательный_брак_недолив'
Ежедневный отчет [секция 2, колонка 8]: 'Окончательный_брак_пригар_песка' → Сводный отчет [колонка 28]: 'Окончательный_брак_пригар_песка'
Ежедневный отчет [секция 2, колонка 9]: 'Окончательный_брак_пористость' → Сводный отчет [колонка 29]: 'Окончательный_брак_пористость'
Ежедневный отчет [секция 2, колонка 10]: 'Окончательный_брак_вырыв' → Сводный отчет [колонка 30]: 'Окончательный_брак_вырыв'
Ежедневный отчет [секция 2, колонка 11]: 'Окончательный_брак_скол' → Сводный отчет [колонка 31]: 'Окончательный_брак_скол'
Ежедневный отчет [секция 2, колонка 12]: 'Окончательный_брак_слом' → Сводный отчет [колонка 32]: 'Окончательный_брак_слом'
Ежедневный отчет [секция 2, колонка 13]: 'Окончательный_брак_зарез_литейный' → Сводный отчет [колонка 33]: 'Окончательный_брак_зарез_литейный'
Ежедневный отчет [секция 2, колонка 14]: 'Окончательный_брак_зарез_пеномодельный' → Сводный отчет [колонка 34]: 'Окончательный_брак_зарез_пеномодельный'
Ежедневный отчет [секция 2, колонка 15]: 'Окончательный_брак_нарушение_геометрии' → Сводный отчет [колонка 35]: 'Окончательный_брак_нарушение_геометрии'
Ежедневный отчет [секция 2, колонка 16]: 'Окончательный_брак_рыхлота' → Сводный отчет [колонка 36]: 'Окончательный_брак_рыхлота'
Ежедневный отчет [секция 2, колонка 17]: 'Окончательный_брак_непроклей' → Сводный отчет [колонка 37]: 'Окончательный_брак_непроклей'
Ежедневный отчет [секция 2, колонка 18]: 'Окончательный_брак_пеномодель' → Сводный отчет [колонка 38]: 'Окончательный_брак_пеномодель'
Ежедневный отчет [секция 2, колонка 19]: 'Окончательный_брак_наплыв_металла' → Сводный отчет [колонка 39]: 'Окончательный_брак_наплыв_металла'
Ежедневный отчет [секция 2, колонка 20]: 'Окончательный_брак_несоответствие_размеров' → Сводный отчет [колонка 40]: 'Окончательный_брак_несоответствие_размеров'
Ежедневный отчет [секция 2, колонка 21]: 'Окончательный_брак_несоответствие_внешнего_вида' → Сводный отчет [колонка 41]: 'Окончательный_брак_несоответствие_внешнего_вида'
Ежедневный отчет [секция 2, колонка 22]: 'Окончательный_брак_нарушение_маркировки' → Сводный отчет [колонка 42]: 'Окончательный_брак_нарушение_маркировки'
Ежедневный отчет [секция 2, колонка 23]: 'Окончательный_брак_неслитина' → Сводный отчет [колонка 43]: 'Окончательный_брак_неслитина'
Ежедневный отчет [секция 2, колонка 24]: 'Окончательный_брак_прочее' → Сводный отчет [колонка 44]: 'Окончательный_брак_прочее'
Ежедневный отчет [секция 2, колонка 25]: 'Второй_сорт_раковины' → Сводный отчет [колонка 45]: 'Второй_сорт_раковины'
Ежедневный отчет [секция 2, колонка 26]: 'Второй_сорт_зарез_литейный' → Сводный отчет [колонка 46]: 'Второй_сорт_зарез_литейный'
Ежедневный отчет [секция 2, колонка 27]: 'Второй_сорт_зарез_пеномодельный' → Сводный отчет [колонка 47]: 'Второй_сорт_зарез_пеномодельный'
2025-05-20 15:59:21 - Начинаем вставку данных в первую секцию с строки 17
2025-05-20 15:59:21 - Начинаем вставку данных во вторую секцию с строки 19
2025-05-20 15:59:21 - В ежедневном отчете найдено 73 объединенных диапазонов
2025-05-20 15:59:21 - Распределено записей: 2 в первую секцию, 2 во вторую секцию
2025-05-20 15:59:21 - Всего заполнено строк: 4
2025-05-20 15:59:21 - Ежедневный отчет успешно сохранен в файл: Отчет_20-05-2025.xlsx
2025-05-21 08:53:23 - Создание нового шаблона для отчета с полной информацией о дефектах
2025-05-21 08:53:23 - Загрузка структуры из control.xlsx
2025-05-21 08:53:24 - ОШИБКА при создании шаблона отчета: B@ is not a valid column name
2025-05-21 08:53:24 - Traceback (most recent call last):
  File "C:\Users\1\AppData\Local\Programs\Python\Python313\Lib\site-packages\openpyxl\utils\cell.py", line 121, in column_index_from_string
    return _COL_STRING_CACHE[str_col.upper()]
           ~~~~~~~~~~~~~~~~~^^^^^^^^^^^^^^^^^
KeyError: 'B@'

During handling of the above exception, another exception occurred:

Traceback (most recent call last):
  File "C:\Users\1\Projects\СОЭЗ\Telegram\form_kontrol\kontrol.py", line 2221, in create_new_report_template
    wb.save(output_file)
    ~~~~~~~^^^^^^^^^^^^^
  File "C:\Users\1\AppData\Local\Programs\Python\Python313\Lib\site-packages\openpyxl\workbook\workbook.py", line 386, in save
    save_workbook(self, filename)
    ~~~~~~~~~~~~~^^^^^^^^^^^^^^^^
  File "C:\Users\1\AppData\Local\Programs\Python\Python313\Lib\site-packages\openpyxl\writer\excel.py", line 294, in save_workbook
    writer.save()
    ~~~~~~~~~~~^^
  File "C:\Users\1\AppData\Local\Programs\Python\Python313\Lib\site-packages\openpyxl\writer\excel.py", line 275, in save
    self.write_data()
    ~~~~~~~~~~~~~~~^^
  File "C:\Users\1\AppData\Local\Programs\Python\Python313\Lib\site-packages\openpyxl\writer\excel.py", line 77, in write_data
    self._write_worksheets()
    ~~~~~~~~~~~~~~~~~~~~~~^^
  File "C:\Users\1\AppData\Local\Programs\Python\Python313\Lib\site-packages\openpyxl\writer\excel.py", line 215, in _write_worksheets
    self.write_worksheet(ws)
    ~~~~~~~~~~~~~~~~~~~~^^^^
  File "C:\Users\1\AppData\Local\Programs\Python\Python313\Lib\site-packages\openpyxl\writer\excel.py", line 200, in write_worksheet
    writer.write()
    ~~~~~~~~~~~~^^
  File "C:\Users\1\AppData\Local\Programs\Python\Python313\Lib\site-packages\openpyxl\worksheet\_writer.py", line 358, in write
    self.write_top()
    ~~~~~~~~~~~~~~^^
  File "C:\Users\1\AppData\Local\Programs\Python\Python313\Lib\site-packages\openpyxl\worksheet\_writer.py", line 103, in write_top
    self.write_cols()
    ~~~~~~~~~~~~~~~^^
  File "C:\Users\1\AppData\Local\Programs\Python\Python313\Lib\site-packages\openpyxl\worksheet\_writer.py", line 87, in write_cols
    self.xf.send(cols.to_tree())
                 ~~~~~~~~~~~~^^
  File "C:\Users\1\AppData\Local\Programs\Python\Python313\Lib\site-packages\openpyxl\worksheet\dimensions.py", line 233, in to_tree
    for col in sorted(self.values(), key=sorter):
               ~~~~~~^^^^^^^^^^^^^^^^^^^^^^^^^^^
  File "C:\Users\1\AppData\Local\Programs\Python\Python313\Lib\site-packages\openpyxl\worksheet\dimensions.py", line 227, in sorter
    value.reindex()
    ~~~~~~~~~~~~~^^
  File "C:\Users\1\AppData\Local\Programs\Python\Python313\Lib\site-packages\openpyxl\worksheet\dimensions.py", line 176, in reindex
    self.min = self.max = column_index_from_string(self.index)
                          ~~~~~~~~~~~~~~~~~~~~~~~~^^^^^^^^^^^^
  File "C:\Users\1\AppData\Local\Programs\Python\Python313\Lib\site-packages\openpyxl\utils\cell.py", line 123, in column_index_from_string
    raise ValueError("{0} is not a valid column name".format(str_col))
ValueError: B@ is not a valid column name

2025-05-21 08:53:27 - ОШИБКА: Ошибка при создании шаблона отчета: B@ is not a valid column name
Traceback (most recent call last):
  File "C:\Users\1\AppData\Local\Programs\Python\Python313\Lib\site-packages\openpyxl\utils\cell.py", line 121, in column_index_from_string
    return _COL_STRING_CACHE[str_col.upper()]
           ~~~~~~~~~~~~~~~~~^^^^^^^^^^^^^^^^^
KeyError: 'B@'

During handling of the above exception, another exception occurred:

Traceback (most recent call last):
  File "C:\Users\1\Projects\СОЭЗ\Telegram\form_kontrol\kontrol.py", line 2221, in create_new_report_template
    wb.save(output_file)
    ~~~~~~~^^^^^^^^^^^^^
  File "C:\Users\1\AppData\Local\Programs\Python\Python313\Lib\site-packages\openpyxl\workbook\workbook.py", line 386, in save
    save_workbook(self, filename)
    ~~~~~~~~~~~~~^^^^^^^^^^^^^^^^
  File "C:\Users\1\AppData\Local\Programs\Python\Python313\Lib\site-packages\openpyxl\writer\excel.py", line 294, in save_workbook
    writer.save()
    ~~~~~~~~~~~^^
  File "C:\Users\1\AppData\Local\Programs\Python\Python313\Lib\site-packages\openpyxl\writer\excel.py", line 275, in save
    self.write_data()
    ~~~~~~~~~~~~~~~^^
  File "C:\Users\1\AppData\Local\Programs\Python\Python313\Lib\site-packages\openpyxl\writer\excel.py", line 77, in write_data
    self._write_worksheets()
    ~~~~~~~~~~~~~~~~~~~~~~^^
  File "C:\Users\1\AppData\Local\Programs\Python\Python313\Lib\site-packages\openpyxl\writer\excel.py", line 215, in _write_worksheets
    self.write_worksheet(ws)
    ~~~~~~~~~~~~~~~~~~~~^^^^
  File "C:\Users\1\AppData\Local\Programs\Python\Python313\Lib\site-packages\openpyxl\writer\excel.py", line 200, in write_worksheet
    writer.write()
    ~~~~~~~~~~~~^^
  File "C:\Users\1\AppData\Local\Programs\Python\Python313\Lib\site-packages\openpyxl\worksheet\_writer.py", line 358, in write
    self.write_top()
    ~~~~~~~~~~~~~~^^
  File "C:\Users\1\AppData\Local\Programs\Python\Python313\Lib\site-packages\openpyxl\worksheet\_writer.py", line 103, in write_top
    self.write_cols()
    ~~~~~~~~~~~~~~~^^
  File "C:\Users\1\AppData\Local\Programs\Python\Python313\Lib\site-packages\openpyxl\worksheet\_writer.py", line 87, in write_cols
    self.xf.send(cols.to_tree())
                 ~~~~~~~~~~~~^^
  File "C:\Users\1\AppData\Local\Programs\Python\Python313\Lib\site-packages\openpyxl\worksheet\dimensions.py", line 233, in to_tree
    for col in sorted(self.values(), key=sorter):
               ~~~~~~^^^^^^^^^^^^^^^^^^^^^^^^^^^
  File "C:\Users\1\AppData\Local\Programs\Python\Python313\Lib\site-packages\openpyxl\worksheet\dimensions.py", line 227, in sorter
    value.reindex()
    ~~~~~~~~~~~~~^^
  File "C:\Users\1\AppData\Local\Programs\Python\Python313\Lib\site-packages\openpyxl\worksheet\dimensions.py", line 176, in reindex
    self.min = self.max = column_index_from_string(self.index)
                          ~~~~~~~~~~~~~~~~~~~~~~~~^^^^^^^^^^^^
  File "C:\Users\1\AppData\Local\Programs\Python\Python313\Lib\site-packages\openpyxl\utils\cell.py", line 123, in column_index_from_string
    raise ValueError("{0} is not a valid column name".format(str_col))
ValueError: B@ is not a valid column name

During handling of the above exception, another exception occurred:

Traceback (most recent call last):
  File "C:\Users\1\Projects\СОЭЗ\Telegram\form_kontrol\kontrol.py", line 1102, in show_report_dialog
    template_file = report_generator.create_new_report_template()
  File "C:\Users\1\Projects\СОЭЗ\Telegram\form_kontrol\kontrol.py", line 2229, in create_new_report_template
    raise Exception(f"Ошибка при создании шаблона отчета: {str(e)}")
Exception: Ошибка при создании шаблона отчета: B@ is not a valid column name

2025-05-21 08:53:37 - Создание нового шаблона для отчета с полной информацией о дефектах
2025-05-21 08:53:37 - Загрузка структуры из control.xlsx
2025-05-21 08:53:39 - ОШИБКА при создании шаблона отчета: B@ is not a valid column name
2025-05-21 08:53:39 - Traceback (most recent call last):
  File "C:\Users\1\AppData\Local\Programs\Python\Python313\Lib\site-packages\openpyxl\utils\cell.py", line 121, in column_index_from_string
    return _COL_STRING_CACHE[str_col.upper()]
           ~~~~~~~~~~~~~~~~~^^^^^^^^^^^^^^^^^
KeyError: 'B@'

During handling of the above exception, another exception occurred:

Traceback (most recent call last):
  File "C:\Users\1\Projects\СОЭЗ\Telegram\form_kontrol\kontrol.py", line 2221, in create_new_report_template
    wb.save(output_file)
    ~~~~~~~^^^^^^^^^^^^^
  File "C:\Users\1\AppData\Local\Programs\Python\Python313\Lib\site-packages\openpyxl\workbook\workbook.py", line 386, in save
    save_workbook(self, filename)
    ~~~~~~~~~~~~~^^^^^^^^^^^^^^^^
  File "C:\Users\1\AppData\Local\Programs\Python\Python313\Lib\site-packages\openpyxl\writer\excel.py", line 294, in save_workbook
    writer.save()
    ~~~~~~~~~~~^^
  File "C:\Users\1\AppData\Local\Programs\Python\Python313\Lib\site-packages\openpyxl\writer\excel.py", line 275, in save
    self.write_data()
    ~~~~~~~~~~~~~~~^^
  File "C:\Users\1\AppData\Local\Programs\Python\Python313\Lib\site-packages\openpyxl\writer\excel.py", line 77, in write_data
    self._write_worksheets()
    ~~~~~~~~~~~~~~~~~~~~~~^^
  File "C:\Users\1\AppData\Local\Programs\Python\Python313\Lib\site-packages\openpyxl\writer\excel.py", line 215, in _write_worksheets
    self.write_worksheet(ws)
    ~~~~~~~~~~~~~~~~~~~~^^^^
  File "C:\Users\1\AppData\Local\Programs\Python\Python313\Lib\site-packages\openpyxl\writer\excel.py", line 200, in write_worksheet
    writer.write()
    ~~~~~~~~~~~~^^
  File "C:\Users\1\AppData\Local\Programs\Python\Python313\Lib\site-packages\openpyxl\worksheet\_writer.py", line 358, in write
    self.write_top()
    ~~~~~~~~~~~~~~^^
  File "C:\Users\1\AppData\Local\Programs\Python\Python313\Lib\site-packages\openpyxl\worksheet\_writer.py", line 103, in write_top
    self.write_cols()
    ~~~~~~~~~~~~~~~^^
  File "C:\Users\1\AppData\Local\Programs\Python\Python313\Lib\site-packages\openpyxl\worksheet\_writer.py", line 87, in write_cols
    self.xf.send(cols.to_tree())
                 ~~~~~~~~~~~~^^
  File "C:\Users\1\AppData\Local\Programs\Python\Python313\Lib\site-packages\openpyxl\worksheet\dimensions.py", line 233, in to_tree
    for col in sorted(self.values(), key=sorter):
               ~~~~~~^^^^^^^^^^^^^^^^^^^^^^^^^^^
  File "C:\Users\1\AppData\Local\Programs\Python\Python313\Lib\site-packages\openpyxl\worksheet\dimensions.py", line 227, in sorter
    value.reindex()
    ~~~~~~~~~~~~~^^
  File "C:\Users\1\AppData\Local\Programs\Python\Python313\Lib\site-packages\openpyxl\worksheet\dimensions.py", line 176, in reindex
    self.min = self.max = column_index_from_string(self.index)
                          ~~~~~~~~~~~~~~~~~~~~~~~~^^^^^^^^^^^^
  File "C:\Users\1\AppData\Local\Programs\Python\Python313\Lib\site-packages\openpyxl\utils\cell.py", line 123, in column_index_from_string
    raise ValueError("{0} is not a valid column name".format(str_col))
ValueError: B@ is not a valid column name

2025-05-21 08:53:40 - ОШИБКА: Ошибка при создании шаблона отчета: B@ is not a valid column name
Traceback (most recent call last):
  File "C:\Users\1\AppData\Local\Programs\Python\Python313\Lib\site-packages\openpyxl\utils\cell.py", line 121, in column_index_from_string
    return _COL_STRING_CACHE[str_col.upper()]
           ~~~~~~~~~~~~~~~~~^^^^^^^^^^^^^^^^^
KeyError: 'B@'

During handling of the above exception, another exception occurred:

Traceback (most recent call last):
  File "C:\Users\1\Projects\СОЭЗ\Telegram\form_kontrol\kontrol.py", line 2221, in create_new_report_template
    wb.save(output_file)
    ~~~~~~~^^^^^^^^^^^^^
  File "C:\Users\1\AppData\Local\Programs\Python\Python313\Lib\site-packages\openpyxl\workbook\workbook.py", line 386, in save
    save_workbook(self, filename)
    ~~~~~~~~~~~~~^^^^^^^^^^^^^^^^
  File "C:\Users\1\AppData\Local\Programs\Python\Python313\Lib\site-packages\openpyxl\writer\excel.py", line 294, in save_workbook
    writer.save()
    ~~~~~~~~~~~^^
  File "C:\Users\1\AppData\Local\Programs\Python\Python313\Lib\site-packages\openpyxl\writer\excel.py", line 275, in save
    self.write_data()
    ~~~~~~~~~~~~~~~^^
  File "C:\Users\1\AppData\Local\Programs\Python\Python313\Lib\site-packages\openpyxl\writer\excel.py", line 77, in write_data
    self._write_worksheets()
    ~~~~~~~~~~~~~~~~~~~~~~^^
  File "C:\Users\1\AppData\Local\Programs\Python\Python313\Lib\site-packages\openpyxl\writer\excel.py", line 215, in _write_worksheets
    self.write_worksheet(ws)
    ~~~~~~~~~~~~~~~~~~~~^^^^
  File "C:\Users\1\AppData\Local\Programs\Python\Python313\Lib\site-packages\openpyxl\writer\excel.py", line 200, in write_worksheet
    writer.write()
    ~~~~~~~~~~~~^^
  File "C:\Users\1\AppData\Local\Programs\Python\Python313\Lib\site-packages\openpyxl\worksheet\_writer.py", line 358, in write
    self.write_top()
    ~~~~~~~~~~~~~~^^
  File "C:\Users\1\AppData\Local\Programs\Python\Python313\Lib\site-packages\openpyxl\worksheet\_writer.py", line 103, in write_top
    self.write_cols()
    ~~~~~~~~~~~~~~~^^
  File "C:\Users\1\AppData\Local\Programs\Python\Python313\Lib\site-packages\openpyxl\worksheet\_writer.py", line 87, in write_cols
    self.xf.send(cols.to_tree())
                 ~~~~~~~~~~~~^^
  File "C:\Users\1\AppData\Local\Programs\Python\Python313\Lib\site-packages\openpyxl\worksheet\dimensions.py", line 233, in to_tree
    for col in sorted(self.values(), key=sorter):
               ~~~~~~^^^^^^^^^^^^^^^^^^^^^^^^^^^
  File "C:\Users\1\AppData\Local\Programs\Python\Python313\Lib\site-packages\openpyxl\worksheet\dimensions.py", line 227, in sorter
    value.reindex()
    ~~~~~~~~~~~~~^^
  File "C:\Users\1\AppData\Local\Programs\Python\Python313\Lib\site-packages\openpyxl\worksheet\dimensions.py", line 176, in reindex
    self.min = self.max = column_index_from_string(self.index)
                          ~~~~~~~~~~~~~~~~~~~~~~~~^^^^^^^^^^^^
  File "C:\Users\1\AppData\Local\Programs\Python\Python313\Lib\site-packages\openpyxl\utils\cell.py", line 123, in column_index_from_string
    raise ValueError("{0} is not a valid column name".format(str_col))
ValueError: B@ is not a valid column name

During handling of the above exception, another exception occurred:

Traceback (most recent call last):
  File "C:\Users\1\Projects\СОЭЗ\Telegram\form_kontrol\kontrol.py", line 1102, in show_report_dialog
    template_file = report_generator.create_new_report_template()
  File "C:\Users\1\Projects\СОЭЗ\Telegram\form_kontrol\kontrol.py", line 2229, in create_new_report_template
    raise Exception(f"Ошибка при создании шаблона отчета: {str(e)}")
Exception: Ошибка при создании шаблона отчета: B@ is not a valid column name

2025-05-21 08:53:48 - Начало формирования сводного отчета за 20.05.2025
2025-05-21 08:53:48 - Загрузка данных из control.xlsx
2025-05-21 08:53:50 - Колонки в control.xlsx: ['Номер_плавки', 'Контроль_отлито', 'Контроль_принято', 'Контроль_дата_приемки', 'Контролер1', 'Контролер2', 'Второй_сорт_раковины', 'Второй_сорт_зарез', 'Доработка_раковины', 'Доработка_зарез', 'Доработка_несоответствие_размеров', 'Доработка_несоответствие_внешнего_вида', 'Доработка_наплыв_металла', 'Доработка_прорыв_металла', 'Доработка_вырыв', 'Доработка_облой', 'Доработка_песок_на_поверхности', 'Доработка_песок_в_резьбе', 'Доработка_клей', 'Доработка_коробление', 'Доработка_дефект_пеномодели', 'Доработка_лапы', 'Доработка_питатель', 'Доработка_корона', 'Доработка_смещение', 'Окончательный_брак_недолив', 'Окончательный_брак_вырыв', 'Окончательный_брак_зарез', 'Окончательный_брак_коробление', 'Окончательный_брак_наплыв_металла', 'Окончательный_брак_нарушение_геометрии', 'Окончательный_брак_нарушение_маркировки', 'Окончательный_брак_непроклей', 'Окончательный_брак_неслитина', 'Окончательный_брак_несоответствие_внешнего_вида', 'Окончательный_брак_несоответствие_размеров', 'Окончательный_брак_пеномодель', 'Окончательный_брак_пористость', 'Окончательный_брак_пригар_песка', 'Окончательный_брак_прочее', 'Окончательный_брак_рыхлота', 'Окончательный_брак_раковины', 'Окончательный_брак_скол', 'Окончательный_брак_слом', 'Окончательный_брак_спай', 'Окончательный_брак_трещины', 'Unnamed: 46', 'Контролер3', 'Второй_сорт_зарез_литейный', 'Второй_сорт_зарез_пеномодельный', 'Доработка_клей_подтёк', 'Доработка_клей_по_шву', 'Окончательный_брак_зарез_литейный', 'Окончательный_брак_зарез_пеномодельный', 'Наименование_отливки']
2025-05-21 08:53:50 - Всего записей в control.xlsx: 5926
2025-05-21 08:53:50 - Конвертация даты приемки
2025-05-21 08:53:50 - Фильтрация по дате 20.05.2025
2025-05-21 08:53:50 - После фильтрации осталось записей: 6
2025-05-21 08:53:50 - Начинаем группировку номеров плавок по наименованиям отливок
2025-05-21 08:53:50 - Сформировано 3 групп для отчета
2025-05-21 08:53:50 - ОШИБКА при формировании сводного отчета: B@ is not a valid column name
2025-05-21 08:53:50 - Traceback (most recent call last):
  File "C:\Users\1\AppData\Local\Programs\Python\Python313\Lib\site-packages\openpyxl\utils\cell.py", line 121, in column_index_from_string
    return _COL_STRING_CACHE[str_col.upper()]
           ~~~~~~~~~~~~~~~~~^^^^^^^^^^^^^^^^^
KeyError: 'B@'

During handling of the above exception, another exception occurred:

Traceback (most recent call last):
  File "C:\Users\1\Projects\СОЭЗ\Telegram\form_kontrol\kontrol.py", line 2066, in generate_summary_report
    wb.save(summary_output)
    ~~~~~~~^^^^^^^^^^^^^^^^
  File "C:\Users\1\AppData\Local\Programs\Python\Python313\Lib\site-packages\openpyxl\workbook\workbook.py", line 386, in save
    save_workbook(self, filename)
    ~~~~~~~~~~~~~^^^^^^^^^^^^^^^^
  File "C:\Users\1\AppData\Local\Programs\Python\Python313\Lib\site-packages\openpyxl\writer\excel.py", line 294, in save_workbook
    writer.save()
    ~~~~~~~~~~~^^
  File "C:\Users\1\AppData\Local\Programs\Python\Python313\Lib\site-packages\openpyxl\writer\excel.py", line 275, in save
    self.write_data()
    ~~~~~~~~~~~~~~~^^
  File "C:\Users\1\AppData\Local\Programs\Python\Python313\Lib\site-packages\openpyxl\writer\excel.py", line 77, in write_data
    self._write_worksheets()
    ~~~~~~~~~~~~~~~~~~~~~~^^
  File "C:\Users\1\AppData\Local\Programs\Python\Python313\Lib\site-packages\openpyxl\writer\excel.py", line 215, in _write_worksheets
    self.write_worksheet(ws)
    ~~~~~~~~~~~~~~~~~~~~^^^^
  File "C:\Users\1\AppData\Local\Programs\Python\Python313\Lib\site-packages\openpyxl\writer\excel.py", line 200, in write_worksheet
    writer.write()
    ~~~~~~~~~~~~^^
  File "C:\Users\1\AppData\Local\Programs\Python\Python313\Lib\site-packages\openpyxl\worksheet\_writer.py", line 358, in write
    self.write_top()
    ~~~~~~~~~~~~~~^^
  File "C:\Users\1\AppData\Local\Programs\Python\Python313\Lib\site-packages\openpyxl\worksheet\_writer.py", line 103, in write_top
    self.write_cols()
    ~~~~~~~~~~~~~~~^^
  File "C:\Users\1\AppData\Local\Programs\Python\Python313\Lib\site-packages\openpyxl\worksheet\_writer.py", line 87, in write_cols
    self.xf.send(cols.to_tree())
                 ~~~~~~~~~~~~^^
  File "C:\Users\1\AppData\Local\Programs\Python\Python313\Lib\site-packages\openpyxl\worksheet\dimensions.py", line 233, in to_tree
    for col in sorted(self.values(), key=sorter):
               ~~~~~~^^^^^^^^^^^^^^^^^^^^^^^^^^^
  File "C:\Users\1\AppData\Local\Programs\Python\Python313\Lib\site-packages\openpyxl\worksheet\dimensions.py", line 227, in sorter
    value.reindex()
    ~~~~~~~~~~~~~^^
  File "C:\Users\1\AppData\Local\Programs\Python\Python313\Lib\site-packages\openpyxl\worksheet\dimensions.py", line 176, in reindex
    self.min = self.max = column_index_from_string(self.index)
                          ~~~~~~~~~~~~~~~~~~~~~~~~^^^^^^^^^^^^
  File "C:\Users\1\AppData\Local\Programs\Python\Python313\Lib\site-packages\openpyxl\utils\cell.py", line 123, in column_index_from_string
    raise ValueError("{0} is not a valid column name".format(str_col))
ValueError: B@ is not a valid column name

2025-05-21 08:53:51 - ОШИБКА: Ошибка при формировании сводного отчета: B@ is not a valid column name
Traceback (most recent call last):
  File "C:\Users\1\AppData\Local\Programs\Python\Python313\Lib\site-packages\openpyxl\utils\cell.py", line 121, in column_index_from_string
    return _COL_STRING_CACHE[str_col.upper()]
           ~~~~~~~~~~~~~~~~~^^^^^^^^^^^^^^^^^
KeyError: 'B@'

During handling of the above exception, another exception occurred:

Traceback (most recent call last):
  File "C:\Users\1\Projects\СОЭЗ\Telegram\form_kontrol\kontrol.py", line 2066, in generate_summary_report
    wb.save(summary_output)
    ~~~~~~~^^^^^^^^^^^^^^^^
  File "C:\Users\1\AppData\Local\Programs\Python\Python313\Lib\site-packages\openpyxl\workbook\workbook.py", line 386, in save
    save_workbook(self, filename)
    ~~~~~~~~~~~~~^^^^^^^^^^^^^^^^
  File "C:\Users\1\AppData\Local\Programs\Python\Python313\Lib\site-packages\openpyxl\writer\excel.py", line 294, in save_workbook
    writer.save()
    ~~~~~~~~~~~^^
  File "C:\Users\1\AppData\Local\Programs\Python\Python313\Lib\site-packages\openpyxl\writer\excel.py", line 275, in save
    self.write_data()
    ~~~~~~~~~~~~~~~^^
  File "C:\Users\1\AppData\Local\Programs\Python\Python313\Lib\site-packages\openpyxl\writer\excel.py", line 77, in write_data
    self._write_worksheets()
    ~~~~~~~~~~~~~~~~~~~~~~^^
  File "C:\Users\1\AppData\Local\Programs\Python\Python313\Lib\site-packages\openpyxl\writer\excel.py", line 215, in _write_worksheets
    self.write_worksheet(ws)
    ~~~~~~~~~~~~~~~~~~~~^^^^
  File "C:\Users\1\AppData\Local\Programs\Python\Python313\Lib\site-packages\openpyxl\writer\excel.py", line 200, in write_worksheet
    writer.write()
    ~~~~~~~~~~~~^^
  File "C:\Users\1\AppData\Local\Programs\Python\Python313\Lib\site-packages\openpyxl\worksheet\_writer.py", line 358, in write
    self.write_top()
    ~~~~~~~~~~~~~~^^
  File "C:\Users\1\AppData\Local\Programs\Python\Python313\Lib\site-packages\openpyxl\worksheet\_writer.py", line 103, in write_top
    self.write_cols()
    ~~~~~~~~~~~~~~~^^
  File "C:\Users\1\AppData\Local\Programs\Python\Python313\Lib\site-packages\openpyxl\worksheet\_writer.py", line 87, in write_cols
    self.xf.send(cols.to_tree())
                 ~~~~~~~~~~~~^^
  File "C:\Users\1\AppData\Local\Programs\Python\Python313\Lib\site-packages\openpyxl\worksheet\dimensions.py", line 233, in to_tree
    for col in sorted(self.values(), key=sorter):
               ~~~~~~^^^^^^^^^^^^^^^^^^^^^^^^^^^
  File "C:\Users\1\AppData\Local\Programs\Python\Python313\Lib\site-packages\openpyxl\worksheet\dimensions.py", line 227, in sorter
    value.reindex()
    ~~~~~~~~~~~~~^^
  File "C:\Users\1\AppData\Local\Programs\Python\Python313\Lib\site-packages\openpyxl\worksheet\dimensions.py", line 176, in reindex
    self.min = self.max = column_index_from_string(self.index)
                          ~~~~~~~~~~~~~~~~~~~~~~~~^^^^^^^^^^^^
  File "C:\Users\1\AppData\Local\Programs\Python\Python313\Lib\site-packages\openpyxl\utils\cell.py", line 123, in column_index_from_string
    raise ValueError("{0} is not a valid column name".format(str_col))
ValueError: B@ is not a valid column name

During handling of the above exception, another exception occurred:

Traceback (most recent call last):
  File "C:\Users\1\Projects\СОЭЗ\Telegram\form_kontrol\kontrol.py", line 1088, in show_report_dialog
    summary_report_file = report_generator.generate_summary_report(selected_date)
  File "C:\Users\1\Projects\СОЭЗ\Telegram\form_kontrol\kontrol.py", line 2074, in generate_summary_report
    raise Exception(f"Ошибка при формировании сводного отчета: {str(e)}")
Exception: Ошибка при формировании сводного отчета: B@ is not a valid column name

2025-05-21 08:53:58 - Начало формирования сводного отчета за 20.05.2025
2025-05-21 08:53:58 - Загрузка данных из control.xlsx
2025-05-21 08:53:59 - Колонки в control.xlsx: ['Номер_плавки', 'Контроль_отлито', 'Контроль_принято', 'Контроль_дата_приемки', 'Контролер1', 'Контролер2', 'Второй_сорт_раковины', 'Второй_сорт_зарез', 'Доработка_раковины', 'Доработка_зарез', 'Доработка_несоответствие_размеров', 'Доработка_несоответствие_внешнего_вида', 'Доработка_наплыв_металла', 'Доработка_прорыв_металла', 'Доработка_вырыв', 'Доработка_облой', 'Доработка_песок_на_поверхности', 'Доработка_песок_в_резьбе', 'Доработка_клей', 'Доработка_коробление', 'Доработка_дефект_пеномодели', 'Доработка_лапы', 'Доработка_питатель', 'Доработка_корона', 'Доработка_смещение', 'Окончательный_брак_недолив', 'Окончательный_брак_вырыв', 'Окончательный_брак_зарез', 'Окончательный_брак_коробление', 'Окончательный_брак_наплыв_металла', 'Окончательный_брак_нарушение_геометрии', 'Окончательный_брак_нарушение_маркировки', 'Окончательный_брак_непроклей', 'Окончательный_брак_неслитина', 'Окончательный_брак_несоответствие_внешнего_вида', 'Окончательный_брак_несоответствие_размеров', 'Окончательный_брак_пеномодель', 'Окончательный_брак_пористость', 'Окончательный_брак_пригар_песка', 'Окончательный_брак_прочее', 'Окончательный_брак_рыхлота', 'Окончательный_брак_раковины', 'Окончательный_брак_скол', 'Окончательный_брак_слом', 'Окончательный_брак_спай', 'Окончательный_брак_трещины', 'Unnamed: 46', 'Контролер3', 'Второй_сорт_зарез_литейный', 'Второй_сорт_зарез_пеномодельный', 'Доработка_клей_подтёк', 'Доработка_клей_по_шву', 'Окончательный_брак_зарез_литейный', 'Окончательный_брак_зарез_пеномодельный', 'Наименование_отливки']
2025-05-21 08:53:59 - Всего записей в control.xlsx: 5926
2025-05-21 08:53:59 - Конвертация даты приемки
2025-05-21 08:53:59 - Фильтрация по дате 20.05.2025
2025-05-21 08:53:59 - После фильтрации осталось записей: 6
2025-05-21 08:53:59 - Начинаем группировку номеров плавок по наименованиям отливок
2025-05-21 08:53:59 - Сформировано 3 групп для отчета
2025-05-21 08:53:59 - ОШИБКА при формировании сводного отчета: B@ is not a valid column name
2025-05-21 08:53:59 - Traceback (most recent call last):
  File "C:\Users\1\AppData\Local\Programs\Python\Python313\Lib\site-packages\openpyxl\utils\cell.py", line 121, in column_index_from_string
    return _COL_STRING_CACHE[str_col.upper()]
           ~~~~~~~~~~~~~~~~~^^^^^^^^^^^^^^^^^
KeyError: 'B@'

During handling of the above exception, another exception occurred:

Traceback (most recent call last):
  File "C:\Users\1\Projects\СОЭЗ\Telegram\form_kontrol\kontrol.py", line 2066, in generate_summary_report
    wb.save(summary_output)
    ~~~~~~~^^^^^^^^^^^^^^^^
  File "C:\Users\1\AppData\Local\Programs\Python\Python313\Lib\site-packages\openpyxl\workbook\workbook.py", line 386, in save
    save_workbook(self, filename)
    ~~~~~~~~~~~~~^^^^^^^^^^^^^^^^
  File "C:\Users\1\AppData\Local\Programs\Python\Python313\Lib\site-packages\openpyxl\writer\excel.py", line 294, in save_workbook
    writer.save()
    ~~~~~~~~~~~^^
  File "C:\Users\1\AppData\Local\Programs\Python\Python313\Lib\site-packages\openpyxl\writer\excel.py", line 275, in save
    self.write_data()
    ~~~~~~~~~~~~~~~^^
  File "C:\Users\1\AppData\Local\Programs\Python\Python313\Lib\site-packages\openpyxl\writer\excel.py", line 77, in write_data
    self._write_worksheets()
    ~~~~~~~~~~~~~~~~~~~~~~^^
  File "C:\Users\1\AppData\Local\Programs\Python\Python313\Lib\site-packages\openpyxl\writer\excel.py", line 215, in _write_worksheets
    self.write_worksheet(ws)
    ~~~~~~~~~~~~~~~~~~~~^^^^
  File "C:\Users\1\AppData\Local\Programs\Python\Python313\Lib\site-packages\openpyxl\writer\excel.py", line 200, in write_worksheet
    writer.write()
    ~~~~~~~~~~~~^^
  File "C:\Users\1\AppData\Local\Programs\Python\Python313\Lib\site-packages\openpyxl\worksheet\_writer.py", line 358, in write
    self.write_top()
    ~~~~~~~~~~~~~~^^
  File "C:\Users\1\AppData\Local\Programs\Python\Python313\Lib\site-packages\openpyxl\worksheet\_writer.py", line 103, in write_top
    self.write_cols()
    ~~~~~~~~~~~~~~~^^
  File "C:\Users\1\AppData\Local\Programs\Python\Python313\Lib\site-packages\openpyxl\worksheet\_writer.py", line 87, in write_cols
    self.xf.send(cols.to_tree())
                 ~~~~~~~~~~~~^^
  File "C:\Users\1\AppData\Local\Programs\Python\Python313\Lib\site-packages\openpyxl\worksheet\dimensions.py", line 233, in to_tree
    for col in sorted(self.values(), key=sorter):
               ~~~~~~^^^^^^^^^^^^^^^^^^^^^^^^^^^
  File "C:\Users\1\AppData\Local\Programs\Python\Python313\Lib\site-packages\openpyxl\worksheet\dimensions.py", line 227, in sorter
    value.reindex()
    ~~~~~~~~~~~~~^^
  File "C:\Users\1\AppData\Local\Programs\Python\Python313\Lib\site-packages\openpyxl\worksheet\dimensions.py", line 176, in reindex
    self.min = self.max = column_index_from_string(self.index)
                          ~~~~~~~~~~~~~~~~~~~~~~~~^^^^^^^^^^^^
  File "C:\Users\1\AppData\Local\Programs\Python\Python313\Lib\site-packages\openpyxl\utils\cell.py", line 123, in column_index_from_string
    raise ValueError("{0} is not a valid column name".format(str_col))
ValueError: B@ is not a valid column name

2025-05-21 08:54:00 - ОШИБКА: Ошибка при формировании сводного отчета: B@ is not a valid column name
Traceback (most recent call last):
  File "C:\Users\1\AppData\Local\Programs\Python\Python313\Lib\site-packages\openpyxl\utils\cell.py", line 121, in column_index_from_string
    return _COL_STRING_CACHE[str_col.upper()]
           ~~~~~~~~~~~~~~~~~^^^^^^^^^^^^^^^^^
KeyError: 'B@'

During handling of the above exception, another exception occurred:

Traceback (most recent call last):
  File "C:\Users\1\Projects\СОЭЗ\Telegram\form_kontrol\kontrol.py", line 2066, in generate_summary_report
    wb.save(summary_output)
    ~~~~~~~^^^^^^^^^^^^^^^^
  File "C:\Users\1\AppData\Local\Programs\Python\Python313\Lib\site-packages\openpyxl\workbook\workbook.py", line 386, in save
    save_workbook(self, filename)
    ~~~~~~~~~~~~~^^^^^^^^^^^^^^^^
  File "C:\Users\1\AppData\Local\Programs\Python\Python313\Lib\site-packages\openpyxl\writer\excel.py", line 294, in save_workbook
    writer.save()
    ~~~~~~~~~~~^^
  File "C:\Users\1\AppData\Local\Programs\Python\Python313\Lib\site-packages\openpyxl\writer\excel.py", line 275, in save
    self.write_data()
    ~~~~~~~~~~~~~~~^^
  File "C:\Users\1\AppData\Local\Programs\Python\Python313\Lib\site-packages\openpyxl\writer\excel.py", line 77, in write_data
    self._write_worksheets()
    ~~~~~~~~~~~~~~~~~~~~~~^^
  File "C:\Users\1\AppData\Local\Programs\Python\Python313\Lib\site-packages\openpyxl\writer\excel.py", line 215, in _write_worksheets
    self.write_worksheet(ws)
    ~~~~~~~~~~~~~~~~~~~~^^^^
  File "C:\Users\1\AppData\Local\Programs\Python\Python313\Lib\site-packages\openpyxl\writer\excel.py", line 200, in write_worksheet
    writer.write()
    ~~~~~~~~~~~~^^
  File "C:\Users\1\AppData\Local\Programs\Python\Python313\Lib\site-packages\openpyxl\worksheet\_writer.py", line 358, in write
    self.write_top()
    ~~~~~~~~~~~~~~^^
  File "C:\Users\1\AppData\Local\Programs\Python\Python313\Lib\site-packages\openpyxl\worksheet\_writer.py", line 103, in write_top
    self.write_cols()
    ~~~~~~~~~~~~~~~^^
  File "C:\Users\1\AppData\Local\Programs\Python\Python313\Lib\site-packages\openpyxl\worksheet\_writer.py", line 87, in write_cols
    self.xf.send(cols.to_tree())
                 ~~~~~~~~~~~~^^
  File "C:\Users\1\AppData\Local\Programs\Python\Python313\Lib\site-packages\openpyxl\worksheet\dimensions.py", line 233, in to_tree
    for col in sorted(self.values(), key=sorter):
               ~~~~~~^^^^^^^^^^^^^^^^^^^^^^^^^^^
  File "C:\Users\1\AppData\Local\Programs\Python\Python313\Lib\site-packages\openpyxl\worksheet\dimensions.py", line 227, in sorter
    value.reindex()
    ~~~~~~~~~~~~~^^
  File "C:\Users\1\AppData\Local\Programs\Python\Python313\Lib\site-packages\openpyxl\worksheet\dimensions.py", line 176, in reindex
    self.min = self.max = column_index_from_string(self.index)
                          ~~~~~~~~~~~~~~~~~~~~~~~~^^^^^^^^^^^^
  File "C:\Users\1\AppData\Local\Programs\Python\Python313\Lib\site-packages\openpyxl\utils\cell.py", line 123, in column_index_from_string
    raise ValueError("{0} is not a valid column name".format(str_col))
ValueError: B@ is not a valid column name

During handling of the above exception, another exception occurred:

Traceback (most recent call last):
  File "C:\Users\1\Projects\СОЭЗ\Telegram\form_kontrol\kontrol.py", line 1094, in show_report_dialog
    summary_report_file = report_generator.generate_summary_report(selected_date)
  File "C:\Users\1\Projects\СОЭЗ\Telegram\form_kontrol\kontrol.py", line 2074, in generate_summary_report
    raise Exception(f"Ошибка при формировании сводного отчета: {str(e)}")
Exception: Ошибка при формировании сводного отчета: B@ is not a valid column name

2025-05-21 08:54:08 - Формирование полного отчета за 20.05.2025
2025-05-21 08:54:08 - Загрузка данных из control.xlsx
2025-05-21 08:54:10 - Конвертация даты приемки
2025-05-21 08:54:10 - Фильтрация по дате 20.05.2025
2025-05-21 08:54:10 - После фильтрации осталось записей: 6
2025-05-21 08:54:10 - Сформировано 3 групп для отчета
2025-05-21 08:54:10 - ОШИБКА при формировании полного отчета: B@ is not a valid column name
2025-05-21 08:54:10 - Traceback (most recent call last):
  File "C:\Users\1\AppData\Local\Programs\Python\Python313\Lib\site-packages\openpyxl\utils\cell.py", line 121, in column_index_from_string
    return _COL_STRING_CACHE[str_col.upper()]
           ~~~~~~~~~~~~~~~~~^^^^^^^^^^^^^^^^^
KeyError: 'B@'

During handling of the above exception, another exception occurred:

Traceback (most recent call last):
  File "C:\Users\1\Projects\СОЭЗ\Telegram\form_kontrol\kontrol.py", line 2498, in generate_full_report
    wb.save(output_file)
    ~~~~~~~^^^^^^^^^^^^^
  File "C:\Users\1\AppData\Local\Programs\Python\Python313\Lib\site-packages\openpyxl\workbook\workbook.py", line 386, in save
    save_workbook(self, filename)
    ~~~~~~~~~~~~~^^^^^^^^^^^^^^^^
  File "C:\Users\1\AppData\Local\Programs\Python\Python313\Lib\site-packages\openpyxl\writer\excel.py", line 294, in save_workbook
    writer.save()
    ~~~~~~~~~~~^^
  File "C:\Users\1\AppData\Local\Programs\Python\Python313\Lib\site-packages\openpyxl\writer\excel.py", line 275, in save
    self.write_data()
    ~~~~~~~~~~~~~~~^^
  File "C:\Users\1\AppData\Local\Programs\Python\Python313\Lib\site-packages\openpyxl\writer\excel.py", line 77, in write_data
    self._write_worksheets()
    ~~~~~~~~~~~~~~~~~~~~~~^^
  File "C:\Users\1\AppData\Local\Programs\Python\Python313\Lib\site-packages\openpyxl\writer\excel.py", line 215, in _write_worksheets
    self.write_worksheet(ws)
    ~~~~~~~~~~~~~~~~~~~~^^^^
  File "C:\Users\1\AppData\Local\Programs\Python\Python313\Lib\site-packages\openpyxl\writer\excel.py", line 200, in write_worksheet
    writer.write()
    ~~~~~~~~~~~~^^
  File "C:\Users\1\AppData\Local\Programs\Python\Python313\Lib\site-packages\openpyxl\worksheet\_writer.py", line 358, in write
    self.write_top()
    ~~~~~~~~~~~~~~^^
  File "C:\Users\1\AppData\Local\Programs\Python\Python313\Lib\site-packages\openpyxl\worksheet\_writer.py", line 103, in write_top
    self.write_cols()
    ~~~~~~~~~~~~~~~^^
  File "C:\Users\1\AppData\Local\Programs\Python\Python313\Lib\site-packages\openpyxl\worksheet\_writer.py", line 87, in write_cols
    self.xf.send(cols.to_tree())
                 ~~~~~~~~~~~~^^
  File "C:\Users\1\AppData\Local\Programs\Python\Python313\Lib\site-packages\openpyxl\worksheet\dimensions.py", line 233, in to_tree
    for col in sorted(self.values(), key=sorter):
               ~~~~~~^^^^^^^^^^^^^^^^^^^^^^^^^^^
  File "C:\Users\1\AppData\Local\Programs\Python\Python313\Lib\site-packages\openpyxl\worksheet\dimensions.py", line 227, in sorter
    value.reindex()
    ~~~~~~~~~~~~~^^
  File "C:\Users\1\AppData\Local\Programs\Python\Python313\Lib\site-packages\openpyxl\worksheet\dimensions.py", line 176, in reindex
    self.min = self.max = column_index_from_string(self.index)
                          ~~~~~~~~~~~~~~~~~~~~~~~~^^^^^^^^^^^^
  File "C:\Users\1\AppData\Local\Programs\Python\Python313\Lib\site-packages\openpyxl\utils\cell.py", line 123, in column_index_from_string
    raise ValueError("{0} is not a valid column name".format(str_col))
ValueError: B@ is not a valid column name

2025-05-21 08:54:10 - ОШИБКА: Ошибка при формировании полного отчета: B@ is not a valid column name
Traceback (most recent call last):
  File "C:\Users\1\AppData\Local\Programs\Python\Python313\Lib\site-packages\openpyxl\utils\cell.py", line 121, in column_index_from_string
    return _COL_STRING_CACHE[str_col.upper()]
           ~~~~~~~~~~~~~~~~~^^^^^^^^^^^^^^^^^
KeyError: 'B@'

During handling of the above exception, another exception occurred:

Traceback (most recent call last):
  File "C:\Users\1\Projects\СОЭЗ\Telegram\form_kontrol\kontrol.py", line 2498, in generate_full_report
    wb.save(output_file)
    ~~~~~~~^^^^^^^^^^^^^
  File "C:\Users\1\AppData\Local\Programs\Python\Python313\Lib\site-packages\openpyxl\workbook\workbook.py", line 386, in save
    save_workbook(self, filename)
    ~~~~~~~~~~~~~^^^^^^^^^^^^^^^^
  File "C:\Users\1\AppData\Local\Programs\Python\Python313\Lib\site-packages\openpyxl\writer\excel.py", line 294, in save_workbook
    writer.save()
    ~~~~~~~~~~~^^
  File "C:\Users\1\AppData\Local\Programs\Python\Python313\Lib\site-packages\openpyxl\writer\excel.py", line 275, in save
    self.write_data()
    ~~~~~~~~~~~~~~~^^
  File "C:\Users\1\AppData\Local\Programs\Python\Python313\Lib\site-packages\openpyxl\writer\excel.py", line 77, in write_data
    self._write_worksheets()
    ~~~~~~~~~~~~~~~~~~~~~~^^
  File "C:\Users\1\AppData\Local\Programs\Python\Python313\Lib\site-packages\openpyxl\writer\excel.py", line 215, in _write_worksheets
    self.write_worksheet(ws)
    ~~~~~~~~~~~~~~~~~~~~^^^^
  File "C:\Users\1\AppData\Local\Programs\Python\Python313\Lib\site-packages\openpyxl\writer\excel.py", line 200, in write_worksheet
    writer.write()
    ~~~~~~~~~~~~^^
  File "C:\Users\1\AppData\Local\Programs\Python\Python313\Lib\site-packages\openpyxl\worksheet\_writer.py", line 358, in write
    self.write_top()
    ~~~~~~~~~~~~~~^^
  File "C:\Users\1\AppData\Local\Programs\Python\Python313\Lib\site-packages\openpyxl\worksheet\_writer.py", line 103, in write_top
    self.write_cols()
    ~~~~~~~~~~~~~~~^^
  File "C:\Users\1\AppData\Local\Programs\Python\Python313\Lib\site-packages\openpyxl\worksheet\_writer.py", line 87, in write_cols
    self.xf.send(cols.to_tree())
                 ~~~~~~~~~~~~^^
  File "C:\Users\1\AppData\Local\Programs\Python\Python313\Lib\site-packages\openpyxl\worksheet\dimensions.py", line 233, in to_tree
    for col in sorted(self.values(), key=sorter):
               ~~~~~~^^^^^^^^^^^^^^^^^^^^^^^^^^^
  File "C:\Users\1\AppData\Local\Programs\Python\Python313\Lib\site-packages\openpyxl\worksheet\dimensions.py", line 227, in sorter
    value.reindex()
    ~~~~~~~~~~~~~^^
  File "C:\Users\1\AppData\Local\Programs\Python\Python313\Lib\site-packages\openpyxl\worksheet\dimensions.py", line 176, in reindex
    self.min = self.max = column_index_from_string(self.index)
                          ~~~~~~~~~~~~~~~~~~~~~~~~^^^^^^^^^^^^
  File "C:\Users\1\AppData\Local\Programs\Python\Python313\Lib\site-packages\openpyxl\utils\cell.py", line 123, in column_index_from_string
    raise ValueError("{0} is not a valid column name".format(str_col))
ValueError: B@ is not a valid column name

During handling of the above exception, another exception occurred:

Traceback (most recent call last):
  File "C:\Users\1\Projects\СОЭЗ\Telegram\form_kontrol\kontrol.py", line 1098, in show_report_dialog
    full_report_file = report_generator.generate_full_report(selected_date)
  File "C:\Users\1\Projects\СОЭЗ\Telegram\form_kontrol\kontrol.py", line 2506, in generate_full_report
    raise Exception(f"Ошибка при формировании полного отчета: {str(e)}")
Exception: Ошибка при формировании полного отчета: B@ is not a valid column name

2025-05-21 09:01:16 - Начало формирования сводного отчета за 20.05.2025
2025-05-21 09:01:16 - Загрузка данных из control.xlsx
2025-05-21 09:01:18 - Колонки в control.xlsx: ['Номер_плавки', 'Контроль_отлито', 'Контроль_принято', 'Контроль_дата_приемки', 'Контролер1', 'Контролер2', 'Второй_сорт_раковины', 'Второй_сорт_зарез', 'Доработка_раковины', 'Доработка_зарез', 'Доработка_несоответствие_размеров', 'Доработка_несоответствие_внешнего_вида', 'Доработка_наплыв_металла', 'Доработка_прорыв_металла', 'Доработка_вырыв', 'Доработка_облой', 'Доработка_песок_на_поверхности', 'Доработка_песок_в_резьбе', 'Доработка_клей', 'Доработка_коробление', 'Доработка_дефект_пеномодели', 'Доработка_лапы', 'Доработка_питатель', 'Доработка_корона', 'Доработка_смещение', 'Окончательный_брак_недолив', 'Окончательный_брак_вырыв', 'Окончательный_брак_зарез', 'Окончательный_брак_коробление', 'Окончательный_брак_наплыв_металла', 'Окончательный_брак_нарушение_геометрии', 'Окончательный_брак_нарушение_маркировки', 'Окончательный_брак_непроклей', 'Окончательный_брак_неслитина', 'Окончательный_брак_несоответствие_внешнего_вида', 'Окончательный_брак_несоответствие_размеров', 'Окончательный_брак_пеномодель', 'Окончательный_брак_пористость', 'Окончательный_брак_пригар_песка', 'Окончательный_брак_прочее', 'Окончательный_брак_рыхлота', 'Окончательный_брак_раковины', 'Окончательный_брак_скол', 'Окончательный_брак_слом', 'Окончательный_брак_спай', 'Окончательный_брак_трещины', 'Unnamed: 46', 'Контролер3', 'Второй_сорт_зарез_литейный', 'Второй_сорт_зарез_пеномодельный', 'Доработка_клей_подтёк', 'Доработка_клей_по_шву', 'Окончательный_брак_зарез_литейный', 'Окончательный_брак_зарез_пеномодельный', 'Наименование_отливки']
2025-05-21 09:01:18 - Всего записей в control.xlsx: 5926
2025-05-21 09:01:18 - Конвертация даты приемки
2025-05-21 09:01:18 - Фильтрация по дате 20.05.2025
2025-05-21 09:01:18 - После фильтрации осталось записей: 6
2025-05-21 09:01:18 - Начинаем группировку номеров плавок по наименованиям отливок
2025-05-21 09:01:18 - Сформировано 3 групп для отчета
2025-05-21 09:01:18 - Сводный отчет успешно сохранен в файл: Сводный_20-05-2025.xlsx
2025-05-21 09:01:18 - Формирование ежедневного отчета на основе сводного отчета: Сводный_20-05-2025.xlsx
2025-05-21 09:01:18 - Колонки в сводном отчете: ['СВОДНЫЙ ОТЧЕТ ПО ПЛАВКАМ ЗА 20.05.2025', 'Unnamed: 1', 'Unnamed: 2', 'Unnamed: 3', 'Unnamed: 4', 'Unnamed: 5', 'Unnamed: 6', 'Unnamed: 7', 'Unnamed: 8', 'Unnamed: 9', 'Unnamed: 10', 'Unnamed: 11', 'Unnamed: 12', 'Unnamed: 13', 'Unnamed: 14', 'Unnamed: 15', 'Unnamed: 16', 'Unnamed: 17', 'Unnamed: 18', 'Unnamed: 19', 'Unnamed: 20', 'Unnamed: 21', 'Unnamed: 22', 'Unnamed: 23', 'Unnamed: 24', 'Unnamed: 25', 'Unnamed: 26', 'Unnamed: 27', 'Unnamed: 28', 'Unnamed: 29', 'Unnamed: 30', 'Unnamed: 31', 'Unnamed: 32', 'Unnamed: 33', 'Unnamed: 34', 'Unnamed: 35', 'Unnamed: 36', 'Unnamed: 37', 'Unnamed: 38', 'Unnamed: 39', 'Unnamed: 40', 'Unnamed: 41', 'Unnamed: 42', 'Unnamed: 43', 'Unnamed: 44', 'Unnamed: 45', 'Unnamed: 46', 'Unnamed: 47', 'Unnamed: 48', 'Unnamed: 49', 'Unnamed: 50', 'Unnamed: 51', 'Unnamed: 52', 'Unnamed: 53']
2025-05-21 09:01:18 - ОШИБКА при формировании ежедневного отчета: 'MergedCell' object attribute 'value' is read-only
2025-05-21 09:01:18 - Traceback (most recent call last):
  File "C:\Users\1\Projects\СОЭЗ\Telegram\form_kontrol\kontrol.py", line 1588, in generate_daily_report
    ws.cell(row=row, column=col+1).value = date_str
    ^^^^^^^^^^^^^^^^^^^^^^^^^^^^^^^^^^^^
AttributeError: 'MergedCell' object attribute 'value' is read-only

2025-05-21 09:01:19 - ОШИБКА: Ошибка при формировании ежедневного отчета: 'MergedCell' object attribute 'value' is read-only
Traceback (most recent call last):
  File "C:\Users\1\Projects\СОЭЗ\Telegram\form_kontrol\kontrol.py", line 1588, in generate_daily_report
    ws.cell(row=row, column=col+1).value = date_str
    ^^^^^^^^^^^^^^^^^^^^^^^^^^^^^^^^^^^^
AttributeError: 'MergedCell' object attribute 'value' is read-only

During handling of the above exception, another exception occurred:

Traceback (most recent call last):
  File "C:\Users\1\Projects\СОЭЗ\Telegram\form_kontrol\kontrol.py", line 1090, in show_report_dialog
    daily_report_file = report_generator.generate_daily_report(selected_date, summary_report_file)
  File "C:\Users\1\Projects\СОЭЗ\Telegram\form_kontrol\kontrol.py", line 1777, in generate_daily_report
    raise Exception(f"Ошибка при формировании ежедневного отчета: {str(e)}")
Exception: Ошибка при формировании ежедневного отчета: 'MergedCell' object attribute 'value' is read-only

2025-05-21 09:01:25 - Начало формирования сводного отчета за 20.05.2025
2025-05-21 09:01:25 - Загрузка данных из control.xlsx
2025-05-21 09:01:26 - Колонки в control.xlsx: ['Номер_плавки', 'Контроль_отлито', 'Контроль_принято', 'Контроль_дата_приемки', 'Контролер1', 'Контролер2', 'Второй_сорт_раковины', 'Второй_сорт_зарез', 'Доработка_раковины', 'Доработка_зарез', 'Доработка_несоответствие_размеров', 'Доработка_несоответствие_внешнего_вида', 'Доработка_наплыв_металла', 'Доработка_прорыв_металла', 'Доработка_вырыв', 'Доработка_облой', 'Доработка_песок_на_поверхности', 'Доработка_песок_в_резьбе', 'Доработка_клей', 'Доработка_коробление', 'Доработка_дефект_пеномодели', 'Доработка_лапы', 'Доработка_питатель', 'Доработка_корона', 'Доработка_смещение', 'Окончательный_брак_недолив', 'Окончательный_брак_вырыв', 'Окончательный_брак_зарез', 'Окончательный_брак_коробление', 'Окончательный_брак_наплыв_металла', 'Окончательный_брак_нарушение_геометрии', 'Окончательный_брак_нарушение_маркировки', 'Окончательный_брак_непроклей', 'Окончательный_брак_неслитина', 'Окончательный_брак_несоответствие_внешнего_вида', 'Окончательный_брак_несоответствие_размеров', 'Окончательный_брак_пеномодель', 'Окончательный_брак_пористость', 'Окончательный_брак_пригар_песка', 'Окончательный_брак_прочее', 'Окончательный_брак_рыхлота', 'Окончательный_брак_раковины', 'Окончательный_брак_скол', 'Окончательный_брак_слом', 'Окончательный_брак_спай', 'Окончательный_брак_трещины', 'Unnamed: 46', 'Контролер3', 'Второй_сорт_зарез_литейный', 'Второй_сорт_зарез_пеномодельный', 'Доработка_клей_подтёк', 'Доработка_клей_по_шву', 'Окончательный_брак_зарез_литейный', 'Окончательный_брак_зарез_пеномодельный', 'Наименование_отливки']
2025-05-21 09:01:26 - Всего записей в control.xlsx: 5926
2025-05-21 09:01:26 - Конвертация даты приемки
2025-05-21 09:01:26 - Фильтрация по дате 20.05.2025
2025-05-21 09:01:26 - После фильтрации осталось записей: 6
2025-05-21 09:01:26 - Начинаем группировку номеров плавок по наименованиям отливок
2025-05-21 09:01:26 - Сформировано 3 групп для отчета
2025-05-21 09:01:26 - Сводный отчет успешно сохранен в файл: Сводный_20-05-2025.xlsx
2025-05-21 09:01:34 - Формирование полного отчета за 20.05.2025
2025-05-21 09:01:34 - Загрузка данных из control.xlsx
2025-05-21 09:01:35 - Конвертация даты приемки
2025-05-21 09:01:35 - Фильтрация по дате 20.05.2025
2025-05-21 09:01:35 - После фильтрации осталось записей: 6
2025-05-21 09:01:35 - Сформировано 3 групп для отчета
2025-05-21 09:01:35 - Полный сводный отчет успешно сохранен в файл: Полный_сводный_отчет_20-05-2025.xlsx
2025-05-21 09:01:50 - Создание нового шаблона для отчета с полной информацией о дефектах
2025-05-21 09:01:50 - Загрузка структуры из control.xlsx
2025-05-21 09:01:52 - Шаблон полного отчета успешно создан: Полный_сводный_отчет.xlsx
2025-05-21 09:06:48 - Создание нового шаблона для отчета с полной информацией о дефектах
2025-05-21 09:06:48 - Загрузка структуры из control.xlsx
2025-05-21 09:06:49 - Шаблон полного отчета успешно создан: Полный_сводный_отчет.xlsx
2025-05-21 09:06:57 - Формирование полного отчета за 20.05.2025
2025-05-21 09:06:57 - Загрузка данных из control.xlsx
2025-05-21 09:06:58 - Конвертация даты приемки
2025-05-21 09:06:58 - Фильтрация по дате 20.05.2025
2025-05-21 09:06:58 - После фильтрации осталось записей: 6
2025-05-21 09:06:58 - Сформировано 3 групп для отчета
2025-05-21 09:06:58 - Полный сводный отчет успешно сохранен в файл: Полный_сводный_отчет_20-05-2025.xlsx
2025-05-21 09:07:08 - Начало формирования сводного отчета за 20.05.2025
2025-05-21 09:07:08 - Загрузка данных из control.xlsx
2025-05-21 09:07:09 - Колонки в control.xlsx: ['Номер_плавки', 'Контроль_отлито', 'Контроль_принято', 'Контроль_дата_приемки', 'Контролер1', 'Контролер2', 'Второй_сорт_раковины', 'Второй_сорт_зарез', 'Доработка_раковины', 'Доработка_зарез', 'Доработка_несоответствие_размеров', 'Доработка_несоответствие_внешнего_вида', 'Доработка_наплыв_металла', 'Доработка_прорыв_металла', 'Доработка_вырыв', 'Доработка_облой', 'Доработка_песок_на_поверхности', 'Доработка_песок_в_резьбе', 'Доработка_клей', 'Доработка_коробление', 'Доработка_дефект_пеномодели', 'Доработка_лапы', 'Доработка_питатель', 'Доработка_корона', 'Доработка_смещение', 'Окончательный_брак_недолив', 'Окончательный_брак_вырыв', 'Окончательный_брак_зарез', 'Окончательный_брак_коробление', 'Окончательный_брак_наплыв_металла', 'Окончательный_брак_нарушение_геометрии', 'Окончательный_брак_нарушение_маркировки', 'Окончательный_брак_непроклей', 'Окончательный_брак_неслитина', 'Окончательный_брак_несоответствие_внешнего_вида', 'Окончательный_брак_несоответствие_размеров', 'Окончательный_брак_пеномодель', 'Окончательный_брак_пористость', 'Окончательный_брак_пригар_песка', 'Окончательный_брак_прочее', 'Окончательный_брак_рыхлота', 'Окончательный_брак_раковины', 'Окончательный_брак_скол', 'Окончательный_брак_слом', 'Окончательный_брак_спай', 'Окончательный_брак_трещины', 'Unnamed: 46', 'Контролер3', 'Второй_сорт_зарез_литейный', 'Второй_сорт_зарез_пеномодельный', 'Доработка_клей_подтёк', 'Доработка_клей_по_шву', 'Окончательный_брак_зарез_литейный', 'Окончательный_брак_зарез_пеномодельный', 'Наименование_отливки']
2025-05-21 09:07:09 - Всего записей в control.xlsx: 5926
2025-05-21 09:07:09 - Конвертация даты приемки
2025-05-21 09:07:09 - Фильтрация по дате 20.05.2025
2025-05-21 09:07:09 - После фильтрации осталось записей: 6
2025-05-21 09:07:09 - Начинаем группировку номеров плавок по наименованиям отливок
2025-05-21 09:07:09 - Сформировано 3 групп для отчета
2025-05-21 09:07:09 - Сводный отчет успешно сохранен в файл: Сводный_20-05-2025.xlsx
2025-05-21 09:07:34 - Начало формирования сводного отчета за 20.05.2025
2025-05-21 09:07:34 - Загрузка данных из control.xlsx
2025-05-21 09:07:35 - Колонки в control.xlsx: ['Номер_плавки', 'Контроль_отлито', 'Контроль_принято', 'Контроль_дата_приемки', 'Контролер1', 'Контролер2', 'Второй_сорт_раковины', 'Второй_сорт_зарез', 'Доработка_раковины', 'Доработка_зарез', 'Доработка_несоответствие_размеров', 'Доработка_несоответствие_внешнего_вида', 'Доработка_наплыв_металла', 'Доработка_прорыв_металла', 'Доработка_вырыв', 'Доработка_облой', 'Доработка_песок_на_поверхности', 'Доработка_песок_в_резьбе', 'Доработка_клей', 'Доработка_коробление', 'Доработка_дефект_пеномодели', 'Доработка_лапы', 'Доработка_питатель', 'Доработка_корона', 'Доработка_смещение', 'Окончательный_брак_недолив', 'Окончательный_брак_вырыв', 'Окончательный_брак_зарез', 'Окончательный_брак_коробление', 'Окончательный_брак_наплыв_металла', 'Окончательный_брак_нарушение_геометрии', 'Окончательный_брак_нарушение_маркировки', 'Окончательный_брак_непроклей', 'Окончательный_брак_неслитина', 'Окончательный_брак_несоответствие_внешнего_вида', 'Окончательный_брак_несоответствие_размеров', 'Окончательный_брак_пеномодель', 'Окончательный_брак_пористость', 'Окончательный_брак_пригар_песка', 'Окончательный_брак_прочее', 'Окончательный_брак_рыхлота', 'Окончательный_брак_раковины', 'Окончательный_брак_скол', 'Окончательный_брак_слом', 'Окончательный_брак_спай', 'Окончательный_брак_трещины', 'Unnamed: 46', 'Контролер3', 'Второй_сорт_зарез_литейный', 'Второй_сорт_зарез_пеномодельный', 'Доработка_клей_подтёк', 'Доработка_клей_по_шву', 'Окончательный_брак_зарез_литейный', 'Окончательный_брак_зарез_пеномодельный', 'Наименование_отливки']
2025-05-21 09:07:35 - Всего записей в control.xlsx: 5926
2025-05-21 09:07:35 - Конвертация даты приемки
2025-05-21 09:07:35 - Фильтрация по дате 20.05.2025
2025-05-21 09:07:35 - После фильтрации осталось записей: 6
2025-05-21 09:07:35 - Начинаем группировку номеров плавок по наименованиям отливок
2025-05-21 09:07:35 - Сформировано 3 групп для отчета
2025-05-21 09:07:35 - Сводный отчет успешно сохранен в файл: Сводный_20-05-2025.xlsx
2025-05-21 09:07:35 - Формирование ежедневного отчета на основе сводного отчета: Сводный_20-05-2025.xlsx
2025-05-21 09:07:35 - Колонки в сводном отчете: ['СВОДНЫЙ ОТЧЕТ ПО ПЛАВКАМ ЗА 20.05.2025', 'Unnamed: 1', 'Unnamed: 2', 'Unnamed: 3', 'Unnamed: 4', 'Unnamed: 5', 'Unnamed: 6', 'Unnamed: 7', 'Unnamed: 8', 'Unnamed: 9', 'Unnamed: 10', 'Unnamed: 11', 'Unnamed: 12', 'Unnamed: 13', 'Unnamed: 14', 'Unnamed: 15', 'Unnamed: 16', 'Unnamed: 17', 'Unnamed: 18', 'Unnamed: 19', 'Unnamed: 20', 'Unnamed: 21', 'Unnamed: 22', 'Unnamed: 23', 'Unnamed: 24', 'Unnamed: 25', 'Unnamed: 26', 'Unnamed: 27', 'Unnamed: 28', 'Unnamed: 29', 'Unnamed: 30', 'Unnamed: 31', 'Unnamed: 32', 'Unnamed: 33', 'Unnamed: 34', 'Unnamed: 35', 'Unnamed: 36', 'Unnamed: 37', 'Unnamed: 38', 'Unnamed: 39', 'Unnamed: 40', 'Unnamed: 41', 'Unnamed: 42', 'Unnamed: 43', 'Unnamed: 44', 'Unnamed: 45', 'Unnamed: 46', 'Unnamed: 47', 'Unnamed: 48', 'Unnamed: 49', 'Unnamed: 50', 'Unnamed: 51', 'Unnamed: 52', 'Unnamed: 53']
2025-05-21 09:07:35 - ОШИБКА при формировании ежедневного отчета: 'MergedCell' object attribute 'value' is read-only
2025-05-21 09:07:35 - Traceback (most recent call last):
  File "C:\Users\1\Projects\СОЭЗ\Telegram\form_kontrol\kontrol.py", line 1592, in generate_daily_report
    target_cell.value = date_str
    ^^^^^^^^^^^^^^^^^
AttributeError: 'MergedCell' object attribute 'value' is read-only

